virus	virulent	temperate
NODE_2805_length_2358_cov_3.557968	0.8118782016546146	0.1881217983453865
NODE_1347_length_3069_cov_34.260451	0.8118782016546146	0.1881217983453865
NODE_844_length_5836_cov_27.449922	0.8118782016546146	0.1881217983453865
NODE_1631_length_2537_cov_4.762288	0.8118782016546146	0.1881217983453865
NODE_1575_length_2587_cov_4.397709	0.8118782016546146	0.1881217983453865
NODE_359_length_6935_cov_5.444913	0.15	0.85
NODE_772_length_3519_cov_8.262991	0.8118782016546146	0.1881217983453865
NODE_17_length_40591_cov_28.392293	0.0375	0.9625
NODE_652_length_10452_cov_8.919592	0.931779094256249	0.06822090574375078
NODE_535_length_9302_cov_18.873472	0.45258810572687225	0.5474118942731276
NODE_253_length_10761_cov_24.310854	0.0375	0.9625
NODE_2595_length_2506_cov_4.128519	0.8118782016546146	0.1881217983453865
NODE_1125_length_2758_cov_3.078801	0.8118782016546146	0.1881217983453865
NODE_817_length_4606_cov_10.906834	0.8118782016546146	0.1881217983453865
NODE_6235_length_1316_cov_8.171293	0.9987156186452293	0.0012843813547707623
NODE_3237_length_1374_cov_3.844579	0.8118782016546146	0.1881217983453865
NODE_5977_length_1065_cov_2.836634	0.8118782016546146	0.1881217983453865
NODE_206_length_23661_cov_285.596331	0.9	0.1
NODE_2153_length_1981_cov_4.637591	0.8118782016546146	0.1881217983453865
NODE_1105_length_5332_cov_3.971575	0.8118782016546146	0.1881217983453865
NODE_1744_length_3031_cov_72.943884	0.8149560776388558	0.18504392236114506
NODE_86_length_18717_cov_289.596774	0.8125	0.1875
NODE_1109_length_4231_cov_23.831418	0.0125	0.9875
NODE_680_length_2611_cov_5.318466	0.8118782016546146	0.1881217983453865
NODE_140_length_42940_cov_112.379737	0.8375	0.1625
NODE_463_length_12161_cov_9.640674	0.8868570929616819	0.11314290703831811
NODE_1717_length_3737_cov_4.790060	0.8118782016546146	0.1881217983453865
NODE_2988_length_1000_cov_29.940741	0.8118782016546146	0.1881217983453865
NODE_634_length_3858_cov_41.866421	0.8461605166393262	0.15383948336067438
NODE_1657_length_2898_cov_7.392191	0.8118782016546146	0.1881217983453865
NODE_179_length_34455_cov_9.524186	0.0125	0.9875
NODE_1216_length_2910_cov_5.361821	0.8118782016546146	0.1881217983453865
NODE_689_length_11453_cov_7.538691	0.8252202643171807	0.1747797356828194
NODE_1974_length_1324_cov_3.793538	0.8440918580422796	0.15590814195772124
NODE_631_length_3034_cov_10.270896	0.8118782016546146	0.1881217983453865
NODE_669_length_3318_cov_13.807539	0.2625	0.7375
NODE_2142_length_1572_cov_2.471325	0.8271306338608608	0.17286936613914
NODE_608_length_12965_cov_13.707514	0.925	0.075
NODE_1428_length_1019_cov_1.274896	0.8118782016546146	0.1881217983453865
NODE_98_length_33801_cov_18.976797	0.744809508971901	0.2551904910280992
NODE_1216_length_4501_cov_23.658794	0.8118782016546146	0.1881217983453865
NODE_920_length_3634_cov_6.538698	0.0125	0.9875
NODE_1352_length_2592_cov_8.143871	0.8118782016546146	0.1881217983453865
NODE_1474_length_4254_cov_5.462967	0.8118782016546146	0.1881217983453865
NODE_2327_length_2704_cov_11.934315	0.8118782016546146	0.1881217983453865
NODE_2_length_2231_cov_4.778033	0.8118782016546146	0.1881217983453865
NODE_3716_length_1611_cov_2.967866	0.1625	0.8375
NODE_173_length_34151_cov_24.803555	0.85	0.15
NODE_90_length_62992_cov_10.132212|provirus_26642_40949	0.075	0.925
NODE_2138_length_2448_cov_4.907229	0.8118782016546146	0.1881217983453865
NODE_570_length_6989_cov_7.928613	0.5	0.5
NODE_240_length_3473_cov_3.342891	0.8118782016546146	0.1881217983453865
NODE_1375_length_3855_cov_5.352368	0.8118782016546146	0.1881217983453865
NODE_499_length_7571_cov_37.322113	0.025	0.975
NODE_660_length_7949_cov_14.370661	0.9107929515418502	0.08920704845814986
NODE_474_length_13836_cov_8.532327	0.8118782016546146	0.1881217983453865
NODE_1301_length_3222_cov_5.783075	0.0	1.0
NODE_1058_length_3319_cov_5.354473	0.8118782016546146	0.1881217983453865
NODE_396_length_13688_cov_5.961417	0.8118782016546146	0.1881217983453865
NODE_413_length_12312_cov_8.098638	0.0	1.0
NODE_898_length_6495_cov_6.899224	0.8118782016546146	0.1881217983453865
NODE_779_length_6446_cov_5.342826	0.9061544676656095	0.09384553233439061
NODE_782_length_7883_cov_6.464359	0.8440918580422796	0.15590814195772124
NODE_1694_length_3003_cov_3.685210	0.8455303298433936	0.15446967015660706
NODE_774_length_4685_cov_4.877538	0.9107929515418502	0.08920704845814986
NODE_313_length_7970_cov_11.130259	0.8118782016546146	0.1881217983453865
NODE_1066_length_5519_cov_11.305454	0.8118782016546146	0.1881217983453865
NODE_1839_length_1328_cov_4.930086	0.025	0.975
NODE_340_length_15085_cov_7.306520	0.9275881057268723	0.07241189427312777
NODE_1119_length_5023_cov_11.906200	0.986381236199809	0.013618763800191103
NODE_406_length_5653_cov_8.832797	0.8118782016546146	0.1881217983453865
NODE_1048_length_3412_cov_3.720882	0.14752202643171808	0.852477973568282
NODE_2080_length_2689_cov_8.647684	0.8118782016546146	0.1881217983453865
NODE_1233_length_4439_cov_10.491560	0.8118782016546146	0.1881217983453865
NODE_281_length_6882_cov_6.653288	0.8118782016546146	0.1881217983453865
NODE_1425_length_3539_cov_7.956085	0.8118782016546146	0.1881217983453865
NODE_110_length_5458_cov_9.223024	0.9658309554315698	0.03416904456842997
NODE_2191_length_1525_cov_2.623810	0.8118782016546146	0.1881217983453865
NODE_1501_length_3111_cov_3.607984	0.8118782016546146	0.1881217983453865
NODE_143_length_37282_cov_21.851586	0.0125	0.9875
NODE_206_length_8044_cov_8.274377	0.0125	0.9875
NODE_5373_length_1043_cov_4.048583	0.8118782016546146	0.1881217983453865
NODE_444_length_8251_cov_19.583333	0.9744461765671151	0.025553823432884804
NODE_865_length_2666_cov_5.653007	0.8118782016546146	0.1881217983453865
NODE_855_length_4964_cov_12.551232	0.8118782016546146	0.1881217983453865
NODE_1670_length_2836_cov_3.867314	0.8118782016546146	0.1881217983453865
NODE_1526_length_3240_cov_25.778964	0.8118782016546146	0.1881217983453865
NODE_69_length_49389_cov_8.333381|provirus_254_34971	0.1125	0.8875
NODE_166_length_4899_cov_25.667630	0.8118782016546146	0.1881217983453865
NODE_1077_length_1174_cov_3.741734	0.8118782016546146	0.1881217983453865
NODE_5_length_36112_cov_12.717004	0.9612156186452292	0.03878438135477076
NODE_898_length_3266_cov_36.398941	0.8118782016546146	0.1881217983453865
NODE_1232_length_4446_cov_4.133227	0.8800312501502798	0.11996874984972046
NODE_1950_length_1653_cov_4.717772	0.9972986238568456	0.002701376143154288
NODE_1369_length_4054_cov_4.923481	0.7703762393970504	0.22962376060295037
NODE_668_length_9775_cov_8.395165	0.0375	0.9625
NODE_18_length_170276_cov_137.036740|provirus_122720_154544	0.0	1.0
NODE_2184_length_2897_cov_7.643209	0.8118782016546146	0.1881217983453865
NODE_1881_length_1243_cov_5.522727	0.8118782016546146	0.1881217983453865
NODE_76_length_24607_cov_45.251914	0.6625	0.3375
NODE_1077_length_6283_cov_9.092807	0.8118782016546146	0.1881217983453865
NODE_856_length_7149_cov_8.614604	0.0	1.0
NODE_971_length_5388_cov_2.846240	0.8118782016546146	0.1881217983453865
NODE_1411_length_1012_cov_2.218391	0.931779094256249	0.06822090574375078
NODE_311_length_20320_cov_34.359536	0.8701541850220267	0.1298458149779736
NODE_1818_length_2537_cov_3.008864	0.8118782016546146	0.1881217983453865
NODE_1791_length_1384_cov_7.927013	0.8118782016546146	0.1881217983453865
NODE_164_length_28999_cov_13.463136	0.075	0.925
NODE_680_length_15026_cov_185.942956	0.0	1.0
NODE_535_length_1902_cov_2.715214	0.9646444144525776	0.03535558554742225
NODE_197_length_4091_cov_25.228444	0.8118782016546146	0.1881217983453865
NODE_3044_length_1165_cov_1.475676	0.95333095543157	0.046669044568429977
NODE_1896_length_2650_cov_4.356840	0.8118782016546146	0.1881217983453865
NODE_295_length_27982_cov_394.127905	0.7125	0.2875
NODE_830_length_4810_cov_5.175605	0.8118782016546146	0.1881217983453865
NODE_619_length_11199_cov_10.410266	0.986381236199809	0.013618763800191103
NODE_928_length_7174_cov_8.261554	0.8118782016546146	0.1881217983453865
NODE_1349_length_2092_cov_11.966618	0.8461605166393262	0.15383948336067438
NODE_424_length_13454_cov_10.768266	0.0	1.0
NODE_1570_length_4197_cov_19.349107	0.0	1.0
NODE_1070_length_3145_cov_8.108414	0.8118782016546146	0.1881217983453865
NODE_484_length_5956_cov_60.701745	0.7801973201466772	0.21980267985332375
NODE_1855_length_3427_cov_4.307236	0.8118782016546146	0.1881217983453865
NODE_1587_length_2566_cov_3.740342	0.8118782016546146	0.1881217983453865
NODE_3531_length_1517_cov_6.123119	0.8118782016546146	0.1881217983453865
NODE_2004_length_2512_cov_6.669109	0.8118782016546146	0.1881217983453865
NODE_639_length_3393_cov_7.631216	0.8118782016546146	0.1881217983453865
NODE_5926_length_1313_cov_4.853736	0.8118782016546146	0.1881217983453865
NODE_4425_length_1021_cov_4.517598	0.8118782016546146	0.1881217983453865
NODE_1281_length_1088_cov_2.411423	0.8118782016546146	0.1881217983453865
NODE_947_length_5858_cov_6.238325	0.9875	0.0125
NODE_168_length_20682_cov_21.840016	0.9114684120829828	0.08853158791701712
NODE_414_length_12838_cov_6.220840	0.0	1.0
NODE_3710_length_1432_cov_6.719680	0.8118782016546146	0.1881217983453865
NODE_543_length_4816_cov_8.005881	0.8118782016546146	0.1881217983453865
NODE_4072_length_1261_cov_4.812604	0.8118782016546146	0.1881217983453865
NODE_3186_length_1702_cov_3.933212	0.8118782016546146	0.1881217983453865
NODE_1709_length_2618_cov_3.747171	0.8267460430643061	0.17325395693569484
NODE_2164_length_2185_cov_81.042254	0.8461605166393262	0.15383948336067438
NODE_5138_length_1116_cov_2.152686	0.8118782016546146	0.1881217983453865
NODE_1420_length_4785_cov_12.858774	0.8118782016546146	0.1881217983453865
NODE_274_length_2619_cov_3.736349	0.8118782016546146	0.1881217983453865
NODE_1827_length_3438_cov_6.818504	0.8118782016546146	0.1881217983453865
NODE_64_length_8589_cov_10.134521	0.8118782016546146	0.1881217983453865
NODE_717_length_1536_cov_38.029710	0.8118782016546146	0.1881217983453865
NODE_2224_length_2870_cov_6.035524	0.8118782016546146	0.1881217983453865
NODE_55_length_89827_cov_97.896738	0.0625	0.9375
NODE_1179_length_1863_cov_4.367810	0.8118782016546146	0.1881217983453865
NODE_1401_length_1032_cov_3.027636	0.8118782016546146	0.1881217983453865
NODE_31_length_41541_cov_15.540929	0.0125	0.9875
NODE_2008_length_3000_cov_5.932428	0.8118782016546146	0.1881217983453865
NODE_502_length_8707_cov_57.547272	0.0	1.0
NODE_1481_length_2759_cov_3.989645	0.8118782016546146	0.1881217983453865
NODE_210_length_20479_cov_11.050382|provirus_7480_20477	0.7412834636159853	0.25871653638401537
NODE_2185_length_2811_cov_5.858853	0.8945112779837082	0.1054887220162917
NODE_66_length_134130_cov_18.587335|provirus_66308_107467	0.025	0.975
NODE_769_length_8169_cov_24.866404	0.975	0.025
NODE_1393_length_3833_cov_7.134727	0.8118782016546146	0.1881217983453865
NODE_2240_length_1502_cov_3.530753	0.8271306338608608	0.17286936613914
NODE_273_length_6498_cov_6.629986	0.0	1.0
NODE_1338_length_4214_cov_5.262804	0.8118782016546146	0.1881217983453865
NODE_280_length_2575_cov_2.821825	0.8118782016546146	0.1881217983453865
NODE_947_length_4689_cov_9.039491	0.8118782016546146	0.1881217983453865
NODE_622_length_8361_cov_13.566458	0.0	1.0
NODE_276_length_3071_cov_28.626989	0.8118782016546146	0.1881217983453865
NODE_908_length_1325_cov_2.127559	0.9602261948935176	0.03977380510648237
NODE_2562_length_1651_cov_5.389724	0.8118782016546146	0.1881217983453865
NODE_865_length_6424_cov_16.567436	0.0125	0.9875
NODE_755_length_4875_cov_7.749585	0.817366923670906	0.18263307632909473
NODE_109_length_27773_cov_17.890613|provirus_5305_23161	0.0125	0.9875
NODE_1279_length_3475_cov_5.432456	0.8118782016546146	0.1881217983453865
NODE_770_length_1403_cov_2.066766	0.8118782016546146	0.1881217983453865
NODE_839_length_9245_cov_8.674320	0.8550238645244239	0.14497613547557656
NODE_125_length_6311_cov_3.891784	0.8118782016546146	0.1881217983453865
NODE_1258_length_2478_cov_5.522905	0.7429749414245747	0.25702505857542585
NODE_1076_length_1174_cov_4.462913	0.8118782016546146	0.1881217983453865
NODE_548_length_8007_cov_11.081992	0.8416956552175785	0.15830434478242209
NODE_1105_length_4231_cov_8.810824	0.975	0.025
NODE_1869_length_3204_cov_4.899968	0.8118782016546146	0.1881217983453865
NODE_950_length_1286_cov_7.272949	0.8118782016546146	0.1881217983453865
NODE_1392_length_2898_cov_2.884277	0.9972986238568456	0.002701376143154288
NODE_1641_length_3110_cov_3.553519	0.8118782016546146	0.1881217983453865
NODE_2244_length_1328_cov_28.197958	0.0	1.0
NODE_515_length_5801_cov_5.203098	0.8118782016546146	0.1881217983453865
NODE_4715_length_1303_cov_2.362179	0.0	1.0
NODE_1277_length_2938_cov_4.712799	0.8118782016546146	0.1881217983453865
NODE_269_length_3134_cov_2.428061	0.8118782016546146	0.1881217983453865
NODE_446_length_10263_cov_13.200137	0.025	0.975
NODE_2490_length_2526_cov_4.607851	0.8118782016546146	0.1881217983453865
NODE_111_length_16833_cov_22.753546	0.724694777917064	0.2753052220829365
NODE_1923_length_2760_cov_6.805176	0.8118782016546146	0.1881217983453865
NODE_2317_length_1568_cov_6.822868	0.8118782016546146	0.1881217983453865
NODE_1476_length_3230_cov_10.609449	0.8118782016546146	0.1881217983453865
NODE_336_length_5945_cov_6.382343	0.0	1.0
NODE_1089_length_4636_cov_5.018118	0.8118782016546146	0.1881217983453865
NODE_1121_length_4468_cov_66.517109	0.9107929515418502	0.08920704845814986
NODE_577_length_1787_cov_2.331409	0.8943502470480462	0.10564975295195407
NODE_2460_length_2605_cov_26.049804	0.8118782016546146	0.1881217983453865
NODE_977_length_3003_cov_5.709634	0.8118782016546146	0.1881217983453865
NODE_76_length_13618_cov_10.242498	0.8143561752228965	0.18564382477710456
NODE_113_length_7084_cov_5.866553	0.934641658621086	0.06535834137891403
NODE_72_length_13172_cov_143.603110	0.8425660792951544	0.15743392070484583
NODE_1136_length_3651_cov_4.176029	0.8118782016546146	0.1881217983453865
NODE_1770_length_3083_cov_15.330581	0.8118782016546146	0.1881217983453865
NODE_63_length_110474_cov_16.315109|provirus_110_26744	0.3400881057268723	0.6599118942731277
NODE_410_length_13108_cov_8.174519	0.9894130332009757	0.010586966799024359
NODE_635_length_5374_cov_10.472081	0.03502202643171806	0.964977973568282
NODE_583_length_6725_cov_4.753823	0.8217900959277422	0.17820990407225873
NODE_369_length_11021_cov_18.926774	0.9972986238568456	0.002701376143154288
NODE_3896_length_1096_cov_3.636888	0.0	1.0
NODE_2297_length_1338_cov_4.257989	0.0	1.0
NODE_173_length_16054_cov_33.606850	0.8043341487911784	0.1956658512088226
NODE_861_length_5911_cov_16.363559	0.7	0.3
NODE_292_length_47089_cov_379.804461|provirus_45_28630	0.075	0.925
NODE_755_length_8367_cov_9.003248	0.0	1.0
NODE_657_length_7863_cov_7.580046	0.6875	0.3125
NODE_2942_length_1160_cov_4.734842	0.0	1.0
NODE_994_length_4515_cov_8.534753	0.0	1.0
NODE_246_length_2849_cov_3.388332	0.8118782016546146	0.1881217983453865
NODE_2210_length_2500_cov_8.474029	0.8118782016546146	0.1881217983453865
NODE_1787_length_3539_cov_5.173938	0.8410650399620725	0.15893496003792842
NODE_2428_length_1534_cov_4.545639	0.0	1.0
NODE_1219_length_4494_cov_4.358865	0.8579533434524297	0.14204665654757034
NODE_1017_length_4404_cov_8.700851	0.8118782016546146	0.1881217983453865
NODE_44_length_11166_cov_7.982990	0.9775568676815045	0.022443132318495394
NODE_1991_length_2613_cov_11.167709	0.8118782016546146	0.1881217983453865
NODE_138_length_18101_cov_24.902139	0.0625	0.9375
NODE_506_length_14593_cov_7.901087	0.025	0.975
NODE_397_length_16929_cov_5.824641	0.8118782016546146	0.1881217983453865
NODE_938_length_3589_cov_7.188738	0.8550238645244239	0.14497613547557656
NODE_4383_length_1318_cov_9.849565	0.0	1.0
NODE_84_length_6403_cov_3.902804	0.838864590525443	0.1611354094745579
NODE_144_length_5559_cov_3.918060	0.9509631140218782	0.0490368859781216
NODE_165_length_16883_cov_194.874733	0.0	1.0
NODE_415_length_21306_cov_20.049974	0.8118782016546146	0.1881217983453865
NODE_1174_length_1125_cov_1.920561	0.8118782016546146	0.1881217983453865
NODE_371_length_7093_cov_11.975703	0.9320112779837082	0.06798872201629169
NODE_1323_length_3039_cov_6.837466	0.8118782016546146	0.1881217983453865
NODE_2528_length_2034_cov_12.868621	0.9972986238568456	0.002701376143154288
NODE_523_length_5655_cov_4.423929	0.8118782016546146	0.1881217983453865
NODE_2601_length_2732_cov_10.304072	0.8118782016546146	0.1881217983453865
NODE_201_length_19348_cov_868.755611	0.0	1.0
NODE_1050_length_3310_cov_18.847312	0.8118782016546146	0.1881217983453865
NODE_195_length_3486_cov_2.403964	0.8118782016546146	0.1881217983453865
NODE_3599_length_1022_cov_3.847983	0.9987156186452293	0.0012843813547707623
NODE_1206_length_5083_cov_16.050716	0.8118782016546146	0.1881217983453865
NODE_1093_length_3876_cov_3.449097	0.8118782016546146	0.1881217983453865
NODE_585_length_6652_cov_6.207367	0.7912262038015135	0.20877379619848746
NODE_4258_length_1423_cov_2.616228	0.8118782016546146	0.1881217983453865
NODE_277_length_7921_cov_10.657513	0.8118782016546146	0.1881217983453865
NODE_986_length_7357_cov_9.719118	0.0	1.0
NODE_1057_length_3172_cov_99.676612	0.8118782016546146	0.1881217983453865
NODE_610_length_3029_cov_10.024210	0.8470645545657067	0.15293544543429416
NODE_268_length_3148_cov_3.263822	0.9320112779837082	0.06798872201629169
NODE_2605_length_1682_cov_3.442532	0.0	1.0
NODE_1250_length_4468_cov_38.665307	0.8118782016546146	0.1881217983453865
NODE_119_length_5193_cov_4.218568	0.8118782016546146	0.1881217983453865
NODE_2061_length_3718_cov_15.018291	0.8118782016546146	0.1881217983453865
NODE_1717_length_3480_cov_3.320000	0.8118782016546146	0.1881217983453865
NODE_73_length_18156_cov_15.957737	0.0	1.0
NODE_907_length_3696_cov_59.322164	0.8118782016546146	0.1881217983453865
NODE_689_length_5803_cov_139.537056	0.8461605166393262	0.15383948336067438
NODE_4372_length_1213_cov_2.302245	0.0625	0.9375
NODE_1471_length_2976_cov_2.679904	0.8118782016546146	0.1881217983453865
NODE_2340_length_2098_cov_6.842389	0.8118782016546146	0.1881217983453865
NODE_530_length_12000_cov_40.575303	0.0375	0.9625
NODE_2189_length_2739_cov_5.156110	0.8118782016546146	0.1881217983453865
NODE_962_length_4645_cov_65.713943	0.831214366862006	0.16878563313799494
NODE_1195_length_5236_cov_6.947693	0.0	1.0
NODE_1168_length_1142_cov_1.855566	0.8118782016546146	0.1881217983453865
NODE_2064_length_2932_cov_9.610706	0.8118782016546146	0.1881217983453865
NODE_3796_length_1869_cov_4.323594	0.8886904295735778	0.11130957042642216
NODE_119_length_41869_cov_11.496795|provirus_190_24455	0.12252202643171808	0.877477973568282
NODE_707_length_10061_cov_16.960224	0.7412834636159853	0.25871653638401537
NODE_1322_length_2624_cov_4.678863	0.8118782016546146	0.1881217983453865
NODE_864_length_1376_cov_2.677517	0.8118782016546146	0.1881217983453865
NODE_299_length_12840_cov_7.627063	0.0375	0.9625
NODE_2495_length_1362_cov_2.534813	0.8118782016546146	0.1881217983453865
NODE_2885_length_1082_cov_3.023369	0.8287014312450708	0.17129856875493005
NODE_682_length_2733_cov_15.867438	0.8118782016546146	0.1881217983453865
NODE_852_length_4233_cov_16.573959	0.8118782016546146	0.1881217983453865
NODE_432_length_17999_cov_36.791239	0.15	0.85
NODE_1085_length_2628_cov_21.639583	0.0	1.0
NODE_564_length_12863_cov_9.493910	1.0	0.0
NODE_172_length_22899_cov_500.400893	0.8954303871770136	0.10456961282298664
NODE_2176_length_2505_cov_7.395510	0.8980726872246698	0.10192731277533044
NODE_1286_length_3943_cov_8.614969	0.9972986238568456	0.002701376143154288
NODE_377_length_6517_cov_6.469205	0.8118782016546146	0.1881217983453865
NODE_1322_length_2837_cov_304.177211	0.8118782016546146	0.1881217983453865
NODE_208_length_51348_cov_41.610220	0.0	1.0
NODE_2005_length_1578_cov_7.019698	0.0	1.0
NODE_3358_length_2091_cov_11.059430	0.0	1.0
NODE_1513_length_2581_cov_6.406572	0.8118782016546146	0.1881217983453865
NODE_317_length_13362_cov_13.186669	0.9270976057576498	0.07290239424235015
NODE_854_length_5650_cov_8.915639	0.9342570678245311	0.06574293217546884
NODE_915_length_3149_cov_9.552683	0.8118782016546146	0.1881217983453865
NODE_742_length_2991_cov_3.668256	0.8118782016546146	0.1881217983453865
NODE_1671_length_3911_cov_10.739108	0.8118782016546146	0.1881217983453865
NODE_3286_length_1361_cov_2.157734	0.8118782016546146	0.1881217983453865
NODE_154_length_68062_cov_18.784963|provirus_36222_68060	0.8551762114537447	0.14482378854625552
NODE_489_length_18498_cov_16.453017	0.931779094256249	0.06822090574375078
NODE_440_length_4091_cov_6.641724	0.931779094256249	0.06822090574375078
NODE_590_length_3147_cov_3.171087	0.8118782016546146	0.1881217983453865
NODE_2033_length_3140_cov_4.623339	0.0	1.0
NODE_766_length_7639_cov_85.453718	0.0	1.0
NODE_928_length_4652_cov_7.668915	0.8118782016546146	0.1881217983453865
NODE_18_length_19544_cov_11.024270	0.9625	0.0375
NODE_796_length_4002_cov_5.617938	0.8118782016546146	0.1881217983453865
NODE_631_length_10280_cov_5.833154	0.0	1.0
NODE_1467_length_1001_cov_3.873150	0.8118782016546146	0.1881217983453865
NODE_2315_length_1592_cov_4.810020	0.8213243685183043	0.1786756314816957
NODE_766_length_5543_cov_5.652332	0.8118782016546146	0.1881217983453865
NODE_870_length_1319_cov_1.970728	0.8118782016546146	0.1881217983453865
NODE_70_length_13424_cov_4.735882	0.9320112779837082	0.06798872201629169
NODE_3661_length_2098_cov_4.863436	0.20269823788546254	0.7973017621145374
NODE_1334_length_2095_cov_3.035784	0.8118782016546146	0.1881217983453865
NODE_48_length_17643_cov_82.725562	0.985022026431718	0.014977973568281937
NODE_818_length_6157_cov_23.997542	0.8118782016546146	0.1881217983453865
NODE_403_length_4567_cov_8.259087	0.964110712130639	0.03588928786936091
NODE_1447_length_3472_cov_27.441030	0.8396897343386005	0.1603102656614003
NODE_927_length_4608_cov_4.518559	0.6225220264317181	0.37747797356828194
NODE_47_length_17757_cov_361.699697	0.8770938573721232	0.12290614262787732
NODE_184_length_3654_cov_4.500695	0.975	0.025
NODE_1562_length_3627_cov_5.036114	0.8118782016546146	0.1881217983453865
NODE_175_length_29015_cov_2566.187293	0.0	1.0
NODE_129_length_27218_cov_9.424806	0.9625	0.0375
NODE_740_length_4991_cov_5.070097	0.8235571479236009	0.1764428520763999
NODE_1023_length_5456_cov_6.579893	0.8118782016546146	0.1881217983453865
NODE_1776_length_2595_cov_3.965354	0.8118782016546146	0.1881217983453865
NODE_627_length_6108_cov_41.545845	0.9262128001034003	0.07378719989659965
NODE_1012_length_3289_cov_4.128324	0.0125	0.9875
NODE_795_length_2536_cov_4.845627	0.8118782016546146	0.1881217983453865
NODE_907_length_1325_cov_2.300787	0.8118782016546146	0.1881217983453865
NODE_2107_length_1681_cov_2.619926	0.8118782016546146	0.1881217983453865
NODE_555_length_13052_cov_9.809264	0.7729643451239226	0.22703565487607813
NODE_2089_length_3294_cov_24.345477	0.8336573783816347	0.16634262161836616
NODE_615_length_3013_cov_5.146383	0.8744950875526442	0.1255049124473558
NODE_731_length_2682_cov_6.396650	0.8118782016546146	0.1881217983453865
NODE_450_length_15129_cov_5.661603	0.0125	0.9875
NODE_169_length_60470_cov_54.574162	0.5	0.5
NODE_1337_length_4393_cov_2.505302	0.8118782016546146	0.1881217983453865
NODE_1226_length_5681_cov_10.171170	0.0	1.0
NODE_131_length_4785_cov_7.429598	0.9541120944161541	0.04588790558384566
NODE_101_length_12442_cov_9.785824	0.0125	0.9875
NODE_4125_length_1127_cov_7.027052	0.8118782016546146	0.1881217983453865
NODE_384_length_5899_cov_10.838809	0.9718791193933999	0.028120880606600045
NODE_666_length_4402_cov_165.530481	0.8118782016546146	0.1881217983453865
NODE_839_length_4261_cov_7.643367	0.8118782016546146	0.1881217983453865
NODE_956_length_5512_cov_11.889316	0.0	1.0
NODE_1215_length_4762_cov_296.029530	0.8118782016546146	0.1881217983453865
NODE_249_length_15525_cov_6.736070	0.0	1.0
NODE_1595_length_1770_cov_2.963848	0.2875	0.7125
NODE_2291_length_2512_cov_5.264550	0.8118782016546146	0.1881217983453865
NODE_2141_length_3217_cov_14.745098	0.8118782016546146	0.1881217983453865
NODE_295_length_14834_cov_25.013194	0.8841693061957635	0.11583069380423665
NODE_108_length_81464_cov_35.157759|provirus_7818_70337	0.0	1.0
NODE_115_length_5265_cov_4.248752	0.0	1.0
NODE_4483_length_1325_cov_2.606299	0.15	0.85
NODE_1219_length_2329_cov_3.319261	0.8118782016546146	0.1881217983453865
NODE_957_length_6801_cov_3.555885	0.0	1.0
NODE_449_length_1931_cov_5.841151	0.8118782016546146	0.1881217983453865
NODE_895_length_8805_cov_38.271086	0.0	1.0
NODE_142_length_5603_cov_31.031363	0.8118782016546146	0.1881217983453865
NODE_673_length_1624_cov_3.067559	0.9602261948935176	0.03977380510648237
NODE_867_length_2238_cov_287.902428	0.931779094256249	0.06822090574375078
NODE_1305_length_4092_cov_12.236810	0.8118782016546146	0.1881217983453865
NODE_3202_length_1566_cov_4.050960	0.9625	0.0375
NODE_859_length_5065_cov_4.762275	1.0	0.0
NODE_3039_length_1648_cov_3.305712	0.0	1.0
NODE_214_length_17775_cov_57.766253	0.9125	0.0875
NODE_519_length_8255_cov_36.759024	0.9972986238568456	0.002701376143154288
NODE_498_length_18150_cov_25.040951|provirus_5737_18148	0.975	0.025
NODE_1477_length_3366_cov_5.620054	0.8186393254756231	0.1813606745243772
NODE_112_length_41464_cov_15.281919	0.075	0.925
NODE_1736_length_2914_cov_5.421126	0.8118782016546146	0.1881217983453865
NODE_2684_length_1405_cov_2.911852	0.0	1.0
NODE_427_length_16212_cov_30.515318	0.9503303964757709	0.049669603524229076
NODE_1994_length_1614_cov_5.948044	0.8118782016546146	0.1881217983453865
NODE_1467_length_3864_cov_6.331846	0.8118782016546146	0.1881217983453865
NODE_2051_length_3108_cov_4.075336	0.8880556134907275	0.11194438650927263
NODE_1583_length_3357_cov_15.397032	0.9989514536119699	0.0010485463880299235
NODE_1960_length_3107_cov_46.232962	0.8118782016546146	0.1881217983453865
NODE_180_length_3805_cov_4.354133	0.8118782016546146	0.1881217983453865
NODE_2312_length_2553_cov_2.835869	0.8118782016546146	0.1881217983453865
NODE_2985_length_1477_cov_5.940225	0.8118782016546146	0.1881217983453865
NODE_1531_length_4294_cov_12.828969	0.0125	0.9875
NODE_286_length_13153_cov_47.017331	0.8529185022026432	0.14708149779735688
NODE_680_length_3182_cov_4.424368	0.894899091559971	0.10510090844002881
NODE_5915_length_1043_cov_13.946356	0.8118782016546146	0.1881217983453865
NODE_1026_length_5707_cov_4.867127	0.8118782016546146	0.1881217983453865
NODE_620_length_4093_cov_9.471521	0.8118782016546146	0.1881217983453865
NODE_765_length_5828_cov_11.426295	0.8118782016546146	0.1881217983453865
NODE_871_length_5587_cov_53.783442	0.9745052770448549	0.02549472295514512
NODE_1273_length_4490_cov_9.000000	0.5392340635142524	0.4607659364857476
NODE_2320_length_2772_cov_4.598822	0.8118782016546146	0.1881217983453865
NODE_1241_length_2232_cov_3.112540	0.9107929515418502	0.08920704845814986
NODE_1351_length_2938_cov_4.657301	0.8118782016546146	0.1881217983453865
NODE_2281_length_1616_cov_6.754644	0.8118782016546146	0.1881217983453865
NODE_2087_length_3045_cov_7.023077	0.8118782016546146	0.1881217983453865
NODE_868_length_3871_cov_11.976677	0.0	1.0
NODE_1256_length_5020_cov_5.298892	0.8118782016546146	0.1881217983453865
NODE_217_length_49720_cov_10.704681|provirus_35239_49720	0.0	1.0
NODE_530_length_12411_cov_6.230091	0.9972986238568456	0.002701376143154288
NODE_145_length_14038_cov_8.862905	0.8643267843600146	0.13567321563998574
NODE_224_length_3695_cov_4.941209	0.8118782016546146	0.1881217983453865
NODE_1450_length_3588_cov_6.542881	0.8118782016546146	0.1881217983453865
NODE_586_length_4007_cov_10.183451	0.8118782016546146	0.1881217983453865
NODE_24_length_29508_cov_9.196584	0.025	0.975
NODE_4270_length_1095_cov_4.632692	0.8118782016546146	0.1881217983453865
NODE_1710_length_2968_cov_4.391692	0.8118782016546146	0.1881217983453865
NODE_168_length_21353_cov_13.414217	0.0	1.0
NODE_336_length_7643_cov_6.080522	0.8118782016546146	0.1881217983453865
NODE_196_length_44600_cov_157.390863	0.0	1.0
NODE_454_length_20811_cov_36.278859	0.931779094256249	0.06822090574375078
NODE_1876_length_2784_cov_5.208868	0.8118782016546146	0.1881217983453865
NODE_1259_length_3670_cov_6.403873	0.8118782016546146	0.1881217983453865
NODE_1627_length_2508_cov_5.315124	0.8118782016546146	0.1881217983453865
NODE_2629_length_2708_cov_15.615530	0.8118782016546146	0.1881217983453865
NODE_471_length_10690_cov_5.362482	0.8118782016546146	0.1881217983453865
NODE_1173_length_1867_cov_17.234547	0.8118782016546146	0.1881217983453865
NODE_1136_length_5103_cov_5.667393	0.8118782016546146	0.1881217983453865
NODE_2237_length_2656_cov_5.000384	0.8118782016546146	0.1881217983453865
NODE_674_length_3219_cov_5.929520	0.8118782016546146	0.1881217983453865
NODE_1229_length_3767_cov_15.280711	0.8882860673001189	0.11171393269988135
NODE_1153_length_3979_cov_63.329001	0.8118782016546146	0.1881217983453865
NODE_1385_length_4354_cov_8.070714	0.8118782016546146	0.1881217983453865
NODE_3013_length_1764_cov_13.636044	0.0125	0.9875
NODE_729_length_5098_cov_19.285743	0.8118782016546146	0.1881217983453865
NODE_1795_length_2239_cov_2.438645	0.8118782016546146	0.1881217983453865
NODE_622_length_4852_cov_5.285178	0.8202762967306704	0.1797237032693301
NODE_1830_length_3125_cov_4.702280	0.8550238645244239	0.14497613547557656
NODE_572_length_7544_cov_8.633729	0.7112156186452292	0.28878438135477075
NODE_1848_length_1902_cov_3.852193	0.8118782016546146	0.1881217983453865
NODE_695_length_10897_cov_11.548054	0.5875	0.4125
NODE_266_length_2659_cov_3.225422	0.8118782016546146	0.1881217983453865
NODE_607_length_4805_cov_7.701895	0.8118782016546146	0.1881217983453865
NODE_1310_length_3849_cov_5.680548	0.8118782016546146	0.1881217983453865
NODE_325_length_3511_cov_3.129340	0.125	0.875
NODE_1102_length_3264_cov_3.307884	0.9972986238568456	0.002701376143154288
NODE_640_length_5855_cov_4.590690	0.842788133670178	0.1572118663298227
NODE_72_length_64029_cov_53.309454|provirus_26592_63618	0.0	1.0
NODE_1850_length_2736_cov_7.120104	0.8720603315797838	0.1279396684202169
NODE_4544_length_1041_cov_2.966531	0.8118782016546146	0.1881217983453865
NODE_1556_length_2521_cov_7.834144	0.8118782016546146	0.1881217983453865
NODE_153_length_4167_cov_3.723492	1.0	0.0
NODE_1958_length_1741_cov_3.469751	0.8118782016546146	0.1881217983453865
NODE_613_length_17805_cov_53.621634	0.9765005799720488	0.023499420027951214
NODE_115_length_68071_cov_76.287815|provirus_44295_57657	0.0125	0.9875
NODE_1256_length_1099_cov_2.269157	0.95333095543157	0.046669044568429977
NODE_830_length_5112_cov_19.131896	0.0	1.0
NODE_1370_length_3520_cov_6.086291	0.025	0.975
NODE_2386_length_2082_cov_4.380858	0.0	1.0
NODE_1749_length_3670_cov_4.176210	0.8118782016546146	0.1881217983453865
NODE_1665_length_2883_cov_17.205799	0.8118782016546146	0.1881217983453865
NODE_1529_length_2587_cov_5.628752	0.8118782016546146	0.1881217983453865
NODE_2427_length_1787_cov_2.825635	0.8118782016546146	0.1881217983453865
NODE_2868_length_1669_cov_3.405824	0.8118782016546146	0.1881217983453865
NODE_1059_length_1184_cov_2.370239	0.8118782016546146	0.1881217983453865
NODE_2039_length_1954_cov_2.393365	0.8118782016546146	0.1881217983453865
NODE_2345_length_2515_cov_8.681707	0.8118782016546146	0.1881217983453865
NODE_4632_length_1588_cov_4.013699	0.9875	0.0125
NODE_599_length_7106_cov_9.189760	0.7125	0.2875
NODE_840_length_4289_cov_2.954417	0.8118782016546146	0.1881217983453865
NODE_667_length_6236_cov_5.126517	0.2857648761364159	0.714235123863584
NODE_990_length_4014_cov_42.693609	0.0	1.0
NODE_1338_length_1041_cov_2.307302	0.8118782016546146	0.1881217983453865
NODE_2040_length_2988_cov_5.530856	0.8118782016546146	0.1881217983453865
NODE_1161_length_3909_cov_93.481318	0.8118782016546146	0.1881217983453865
NODE_419_length_11855_cov_14.191441	0.8118782016546146	0.1881217983453865
NODE_4320_length_1681_cov_4.281058	0.0	1.0
NODE_281_length_12466_cov_5.775038	0.8118782016546146	0.1881217983453865
NODE_2971_length_1148_cov_1.535224	0.8118782016546146	0.1881217983453865
NODE_1309_length_2660_cov_6.971977	0.8118782016546146	0.1881217983453865
NODE_607_length_8293_cov_5.946832	0.0375	0.9625
NODE_440_length_10261_cov_1450.787576	0.0875	0.9125
NODE_204_length_29412_cov_9.598392	0.9875	0.0125
NODE_264_length_9822_cov_108.515716	0.0	1.0
NODE_234_length_45717_cov_33.579234	0.0	1.0
NODE_300_length_10875_cov_215.011368	0.8267460430643061	0.17325395693569484
NODE_1686_length_3018_cov_10.032400	0.8118782016546146	0.1881217983453865
NODE_317_length_2769_cov_2.861459	0.8118782016546146	0.1881217983453865
NODE_553_length_7537_cov_19.611868	0.0	1.0
NODE_204_length_7962_cov_6.369546	0.8217900959277424	0.17820990407225873
NODE_2522_length_1214_cov_2.591027	0.8118782016546146	0.1881217983453865
NODE_322_length_15127_cov_72.883028	0.0	1.0
NODE_125_length_42935_cov_10.789366	0.05	0.95
NODE_678_length_9486_cov_7.880076	0.0	1.0
NODE_802_length_5965_cov_50.257191	0.8118782016546146	0.1881217983453865
NODE_2645_length_1971_cov_15.283403	0.0125	0.9875
NODE_143_length_27086_cov_220.060153	0.9375	0.0625
NODE_3787_length_1481_cov_11.197055	0.8118782016546146	0.1881217983453865
NODE_765_length_1472_cov_2.507410	0.8691268200909323	0.130873179909068
NODE_1667_length_2751_cov_4.843472	0.8118782016546146	0.1881217983453865
NODE_877_length_7168_cov_3.728947	0.9007668594102297	0.09923314058977054
NODE_3288_length_1028_cov_3.192189	0.8118782016546146	0.1881217983453865
NODE_913_length_4110_cov_6.185943	0.8118782016546146	0.1881217983453865
NODE_1677_length_3422_cov_7.484110	0.9995052770448549	0.0004947229551451188
NODE_1127_length_1147_cov_2.521978	0.8118782016546146	0.1881217983453865
NODE_1353_length_4112_cov_5.476214	0.8791455509789389	0.12085444902106184
NODE_48_length_29548_cov_16476.712644	0.0875	0.9125
NODE_1070_length_4765_cov_8.258599	0.8118782016546146	0.1881217983453865
NODE_98_length_5873_cov_4.399966	0.8330772958243416	0.16692270417565908
NODE_1382_length_1024_cov_2.011352	0.8118782016546146	0.1881217983453865
NODE_1162_length_4872_cov_5.882292	0.8118782016546146	0.1881217983453865
NODE_1324_length_4029_cov_5.772521	0.8118782016546146	0.1881217983453865
NODE_1388_length_3793_cov_6.935795	0.8118782016546146	0.1881217983453865
NODE_1852_length_2714_cov_5.670929	0.8118782016546146	0.1881217983453865
NODE_1065_length_3478_cov_4.248028	0.8118782016546146	0.1881217983453865
NODE_826_length_8466_cov_7.545952	0.7404185022026434	0.2595814977973568
NODE_1125_length_5473_cov_26.248431	0.0	1.0
NODE_10_length_29026_cov_12.843982	1.0	0.0
NODE_1276_length_3712_cov_7.215204	0.985005930576337	0.014994069423662984
NODE_483_length_7947_cov_8.551191	0.0125	0.9875
NODE_1681_length_1944_cov_3.751720	0.8353776216825656	0.16462237831743523
NODE_2015_length_2219_cov_9.286044	0.8103644024575427	0.18963559754245787
NODE_3245_length_1627_cov_4.408397	0.8287014312450708	0.17129856875493005
NODE_244_length_44445_cov_23.965736	0.05	0.95
NODE_372_length_12857_cov_13.769099	0.0	1.0
NODE_987_length_3611_cov_4.640045	0.0	1.0
NODE_109_length_7331_cov_5.936916	0.9440354212218353	0.055964578778164666
NODE_108_length_44174_cov_28.077586	0.0	1.0
NODE_1931_length_2612_cov_7.167775	0.8118782016546146	0.1881217983453865
NODE_1009_length_3189_cov_4.301213	0.42483251088069285	0.5751674891193073
NODE_1840_length_3253_cov_88.970294	0.9375	0.0625
NODE_1086_length_7321_cov_7.431599	0.8350279929346638	0.16497200706533682
NODE_3804_length_1429_cov_2.868996	0.0	1.0
NODE_424_length_5400_cov_8.976052	0.0	1.0
NODE_1758_length_3104_cov_7.219416	0.8155538331363102	0.18444616686369078
NODE_2814_length_2535_cov_17.660484	0.8118782016546146	0.1881217983453865
NODE_120_length_40096_cov_374.797208	0.05	0.95
NODE_1255_length_3675_cov_10.237293	0.8118782016546146	0.1881217983453865
NODE_1204_length_4872_cov_178.189329	0.8118782016546146	0.1881217983453865
NODE_1616_length_2000_cov_5.291003	0.8118782016546146	0.1881217983453865
NODE_2863_length_2659_cov_6.516129	0.8118782016546146	0.1881217983453865
NODE_2289_length_2513_cov_5.871440	0.8338669542239673	0.16613304577603344
NODE_1048_length_5983_cov_5.663293	0.8118782016546146	0.1881217983453865
NODE_392_length_4767_cov_1385.784805	0.8118782016546146	0.1881217983453865
NODE_1294_length_1084_cov_1.803693	0.8118782016546146	0.1881217983453865
NODE_386_length_12222_cov_6.937372	0.0	1.0
NODE_408_length_8696_cov_40.826988	0.9620052770448548	0.037994722955145124
NODE_913_length_5947_cov_9.871181	0.8103644024575427	0.18963559754245787
NODE_1596_length_3038_cov_4.598056	0.8461605166393262	0.15383948336067438
NODE_4342_length_1516_cov_5.272416	0.0	1.0
NODE_3939_length_1087_cov_2.746124	0.8118782016546146	0.1881217983453865
NODE_2471_length_1755_cov_3.015882	0.8353776216825656	0.16462237831743523
NODE_943_length_3363_cov_98.457981	0.8118782016546146	0.1881217983453865
NODE_908_length_7168_cov_5.459440	0.8588845293420337	0.14111547065796665
NODE_341_length_2976_cov_5.997946	0.7801973201466772	0.21980267985332375
NODE_1038_length_3220_cov_3.203791	0.8118782016546146	0.1881217983453865
NODE_3050_length_1222_cov_2.569837	0.8118782016546146	0.1881217983453865
NODE_1535_length_2614_cov_6.153576	0.8118782016546146	0.1881217983453865
NODE_1621_length_2980_cov_3.932991	0.8118782016546146	0.1881217983453865
NODE_131_length_6068_cov_37.790121	0.8938747319827899	0.10612526801721
NODE_714_length_8767_cov_70.253558	0.5575440528634361	0.44245594713656383
NODE_313_length_2801_cov_4.976329	0.8401982378854627	0.15980176211453748
NODE_212_length_36964_cov_27.814327	0.0375	0.9625
NODE_58_length_15675_cov_11.769142	0.9249018473914632	0.075098152608537
NODE_1573_length_1358_cov_6.777437	0.8118782016546146	0.1881217983453865
NODE_827_length_2466_cov_10.437993	0.891396758414508	0.10860324158549195
NODE_760_length_4785_cov_34.652643	0.9107929515418502	0.08920704845814986
NODE_651_length_11453_cov_10.654589	0.05	0.95
NODE_3105_length_1047_cov_1.982863	0.8118782016546146	0.1881217983453865
NODE_1898_length_2647_cov_5.482639	0.8118782016546146	0.1881217983453865
NODE_1225_length_1099_cov_2.553640	0.8118782016546146	0.1881217983453865
NODE_4504_length_1360_cov_3.496552	0.8118782016546146	0.1881217983453865
NODE_712_length_5109_cov_8.122477	0.1	0.9
NODE_1742_length_1577_cov_8.919842	0.8118782016546146	0.1881217983453865
NODE_16_length_20004_cov_2375.001805	0.9701380891666455	0.02986191083335461
NODE_1091_length_1191_cov_1.933099	0.8118782016546146	0.1881217983453865
NODE_57_length_40080_cov_51.611518	0.0625	0.9375
NODE_493_length_18317_cov_24.839010	0.8103644024575427	0.18963559754245787
NODE_1195_length_3589_cov_5.580645	0.8118782016546146	0.1881217983453865
NODE_912_length_8852_cov_15.026486	0.0	1.0
NODE_5433_length_1204_cov_4.010444	0.8833535288807883	0.11664647111921193
NODE_1478_length_2545_cov_2.436145	0.6507758778079087	0.3492241221920916
NODE_89_length_11981_cov_11.675918	0.0	1.0
NODE_3880_length_1022_cov_8.022751	0.8118782016546146	0.1881217983453865
NODE_4268_length_1176_cov_6.979483	0.8118782016546146	0.1881217983453865
NODE_1312_length_2682_cov_3.681766	0.8118782016546146	0.1881217983453865
NODE_1592_length_1516_cov_2.763860	0.8550238645244239	0.14497613547557656
NODE_759_length_7518_cov_9.268659	0.9082007801150755	0.0917992198849247
NODE_321_length_5931_cov_9.859939	0.0	1.0
NODE_1799_length_3032_cov_23.869667	0.8416956552175785	0.15830434478242209
NODE_2179_length_2865_cov_4.766192	0.8118782016546146	0.1881217983453865
NODE_422_length_2230_cov_3.574253	0.95333095543157	0.046669044568429977
NODE_127_length_19787_cov_21.029394	0.8429758688667854	0.15702413113321514
NODE_6338_length_1009_cov_3.469602	0.8118782016546146	0.1881217983453865
NODE_1092_length_3371_cov_6.075694	0.8118782016546146	0.1881217983453865
NODE_634_length_10208_cov_6.749729	0.7818121223594604	0.2181878776405405
NODE_1237_length_3955_cov_5.959744	0.8118782016546146	0.1881217983453865
NODE_1314_length_2031_cov_4.501518	0.8029185022026433	0.1970814977973569
NODE_306_length_2857_cov_3.935403	0.6625	0.3375
NODE_3011_length_1635_cov_5.785443	0.0	1.0
NODE_284_length_24493_cov_8.915378|provirus_641_11254	0.0	1.0
NODE_980_length_5316_cov_14.526706	0.8118782016546146	0.1881217983453865
NODE_2865_length_1534_cov_3.376606	0.8118782016546146	0.1881217983453865
NODE_1760_length_3405_cov_3.861493	0.8118782016546146	0.1881217983453865
NODE_971_length_2671_cov_4.974006	0.8118782016546146	0.1881217983453865
NODE_15_length_39466_cov_18.559108	0.9987156186452293	0.0012843813547707623
NODE_214_length_28722_cov_7.575121	0.895044052863436	0.10495594713656389
NODE_4478_length_1389_cov_4.104198	0.0	1.0
NODE_698_length_2676_cov_4.006868	0.8118782016546146	0.1881217983453865
NODE_176_length_3854_cov_4.569624	0.8100797543273679	0.18992024567263308
NODE_569_length_13179_cov_6.864066	0.9	0.1
NODE_1477_length_3228_cov_71.520328	0.0	1.0
NODE_8110_length_1052_cov_2.930792	0.8118782016546146	0.1881217983453865
NODE_1477_length_2550_cov_3.289780	0.8118782016546146	0.1881217983453865
NODE_578_length_8573_cov_7.456797	0.9375	0.0625
NODE_1962_length_3106_cov_8.513274	0.8124320250874995	0.18756797491250168
NODE_4799_length_1286_cov_2.965881	0.8287014312450708	0.17129856875493005
NODE_867_length_5878_cov_6.202645	0.0	1.0
NODE_69_length_45823_cov_15.638940	0.0	1.0
NODE_1349_length_4098_cov_5.409102	0.8118782016546146	0.1881217983453865
NODE_1812_length_3305_cov_5.784923	0.8118782016546146	0.1881217983453865
NODE_3372_length_1383_cov_4.829066	0.724694777917064	0.2753052220829365
NODE_2778_length_1596_cov_3.332901	0.8455303298433936	0.15446967015660706
NODE_1278_length_3628_cov_4.986846	0.8118782016546146	0.1881217983453865
NODE_1719_length_2592_cov_7.839574	0.8118782016546146	0.1881217983453865
NODE_156_length_14543_cov_6.802250	0.8643267843600146	0.13567321563998574
NODE_162_length_19737_cov_26.076466	0.025	0.975
NODE_540_length_11002_cov_8.996894	0.9875	0.0125
NODE_231_length_3028_cov_2.509250	0.8471512314662434	0.15284876853375734
NODE_2273_length_2598_cov_6.685804	0.8118782016546146	0.1881217983453865
NODE_674_length_8037_cov_6.040967	0.8118782016546146	0.1881217983453865
NODE_883_length_5475_cov_5.002030	0.0	1.0
NODE_1320_length_3944_cov_3.698123	0.8118782016546146	0.1881217983453865
NODE_1890_length_2767_cov_6.326327	0.8118782016546146	0.1881217983453865
NODE_504_length_3999_cov_6.731237	0.8118782016546146	0.1881217983453865
NODE_909_length_6938_cov_5.084556	0.8848696795023974	0.11513032049760293
NODE_883_length_7119_cov_7.220838	0.8118782016546146	0.1881217983453865
NODE_459_length_10008_cov_349.284035	0.841585523058988	0.15841447694101235
NODE_920_length_3929_cov_113.413268	0.8118782016546146	0.1881217983453865
NODE_1590_length_3270_cov_6.386625	0.8470645545657067	0.15293544543429416
NODE_1919_length_3324_cov_4.704191	0.8118782016546146	0.1881217983453865
NODE_959_length_2720_cov_600.235647	0.8118782016546146	0.1881217983453865
NODE_5555_length_1440_cov_3.178339	0.8460791743553189	0.15392082564468182
NODE_834_length_6781_cov_6.453464	0.8118782016546146	0.1881217983453865
NODE_14_length_39554_cov_19.781438	0.8118782016546146	0.1881217983453865
NODE_1000_length_3623_cov_9.385090	0.8118782016546146	0.1881217983453865
NODE_2298_length_1049_cov_1.900402	0.8118782016546146	0.1881217983453865
NODE_1375_length_4304_cov_6.077901	0.8118782016546146	0.1881217983453865
NODE_2238_length_2860_cov_3.888057	0.8118782016546146	0.1881217983453865
NODE_229_length_3048_cov_5.127631	0.8118782016546146	0.1881217983453865
NODE_114_length_5287_cov_4.093272	0.8118782016546146	0.1881217983453865
NODE_19_length_35380_cov_33.510403	0.8503303964757711	0.14966960352422914
NODE_946_length_3616_cov_7.871665	0.0	1.0
NODE_1118_length_5021_cov_5.478856	0.8118782016546146	0.1881217983453865
NODE_1375_length_4032_cov_3.287403	0.9875	0.0125
NODE_286_length_3337_cov_34.268434	0.8118782016546146	0.1881217983453865
NODE_3284_length_1275_cov_10.163115	0.0	1.0
NODE_1591_length_1517_cov_4.012312	0.8118782016546146	0.1881217983453865
NODE_55_length_16510_cov_39.816895	0.9320112779837082	0.06798872201629169
NODE_1802_length_2870_cov_5.132149	0.988037727577504	0.01196227242249624
NODE_242_length_12737_cov_131.762656	0.0	1.0
NODE_455_length_4871_cov_3.309178	0.9989514536119699	0.0010485463880299235
NODE_935_length_4543_cov_8.768048	0.1	0.9
NODE_256_length_2773_cov_4.676233	0.8428790579388789	0.1571209420611216
NODE_566_length_3670_cov_6.032365	0.0	1.0
NODE_2307_length_3029_cov_16.683591	0.8118782016546146	0.1881217983453865
NODE_1218_length_3762_cov_7.912868	0.9519874735990597	0.04801252640094042
NODE_728_length_8488_cov_23.410056	0.0	1.0
NODE_3322_length_2065_cov_6.450249	0.8793648878539084	0.12063511214609209
NODE_2205_length_3140_cov_13.088493	0.8118782016546146	0.1881217983453865
NODE_650_length_2189_cov_5.598875	0.8118782016546146	0.1881217983453865
NODE_1115_length_3181_cov_94.175944	0.9718791193933999	0.028120880606600045
NODE_231_length_47332_cov_15.070605	0.15	0.85
NODE_1483_length_3329_cov_5.952352	0.8118782016546146	0.1881217983453865
NODE_266_length_18584_cov_177.325760	0.1	0.9
NODE_153_length_65213_cov_33.549280	0.375	0.625
NODE_1470_length_2559_cov_6.530351	0.8118782016546146	0.1881217983453865
NODE_914_length_3710_cov_6.004104	0.964110712130639	0.03588928786936091
NODE_146_length_35576_cov_13.034318	0.0	1.0
NODE_1151_length_2920_cov_3.823037	0.8118782016546146	0.1881217983453865
NODE_814_length_4101_cov_6.458725	0.8118782016546146	0.1881217983453865
NODE_2435_length_2625_cov_14.320233	0.8118782016546146	0.1881217983453865
NODE_1399_length_3690_cov_6.675103	0.8118782016546146	0.1881217983453865
NODE_1545_length_2573_cov_4.320890	0.8118782016546146	0.1881217983453865
NODE_122_length_4946_cov_4.345328	0.8800312501502798	0.11996874984972046
NODE_1877_length_2681_cov_3.642041	0.840084943086939	0.15991505691306113
NODE_1450_length_4643_cov_4813.538361	0.8461605166393262	0.15383948336067438
NODE_2001_length_2507_cov_6.845024	0.15	0.85
NODE_3536_length_1468_cov_4.662420	0.8118782016546146	0.1881217983453865
NODE_1581_length_5015_cov_8.134073	0.0	1.0
NODE_961_length_5451_cov_5.767606	0.8595851041362262	0.14041489586377437
NODE_296_length_13554_cov_17.365138	0.0	1.0
NODE_428_length_4500_cov_14.119685	0.8118782016546146	0.1881217983453865
NODE_1532_length_2944_cov_14.650744	0.8118782016546146	0.1881217983453865
NODE_783_length_2569_cov_12.409706	0.8118782016546146	0.1881217983453865
NODE_545_length_14235_cov_14.402257	0.931779094256249	0.06822090574375078
NODE_150_length_15271_cov_146.997305	0.8118782016546146	0.1881217983453865
NODE_1948_length_3066_cov_2.655596	0.8118782016546146	0.1881217983453865
NODE_1490_length_4211_cov_5.142926	0.8118782016546146	0.1881217983453865
NODE_663_length_9363_cov_7.272561	0.8367542492827027	0.16324575071729777
NODE_223_length_48370_cov_26.409769	0.0375	0.9625
NODE_1837_length_3530_cov_8.391942	0.8118782016546146	0.1881217983453865
NODE_1931_length_2526_cov_16.422096	0.8118782016546146	0.1881217983453865
NODE_46_length_10779_cov_6.092503	0.0	1.0
NODE_42_length_31081_cov_10.095017|provirus_3_24148	0.9474087316331943	0.05259126836680552
NODE_244_length_13727_cov_20.945802	0.7729643451239226	0.22703565487607813
NODE_176_length_48312_cov_16.718466|provirus_34_38596	0.6376101321585903	0.3623898678414097
NODE_284_length_3382_cov_207.895702	0.8461605166393262	0.15383948336067438
NODE_897_length_4917_cov_16.169272	0.8118782016546146	0.1881217983453865
NODE_114_length_41139_cov_24.287119	0.0125	0.9875
NODE_1260_length_5519_cov_9.765190	0.8118782016546146	0.1881217983453865
NODE_1437_length_4716_cov_90.242223	0.0	1.0
NODE_1104_length_7235_cov_5.951811	0.8118782016546146	0.1881217983453865
NODE_47_length_35571_cov_46.640585	0.0	1.0
NODE_321_length_8192_cov_6.306624	0.8118782016546146	0.1881217983453865
NODE_41_length_11398_cov_19.446619	0.5114514536119701	0.48854854638802986
NODE_7013_length_1142_cov_2.417663	0.8118782016546146	0.1881217983453865
NODE_358_length_13097_cov_6.583346	0.8341799637691517	0.165820036230849
NODE_1150_length_3473_cov_5.646870	0.8118782016546146	0.1881217983453865
NODE_2395_length_2662_cov_10.331032	0.8118782016546146	0.1881217983453865
NODE_476_length_10574_cov_8.492252	0.897522026431718	0.10247797356828195
NODE_1423_length_4186_cov_6.996369	0.8118782016546146	0.1881217983453865
NODE_2646_length_1322_cov_3.449882	0.8118782016546146	0.1881217983453865
NODE_599_length_6553_cov_10.773161	0.8118782016546146	0.1881217983453865
NODE_562_length_6184_cov_8.894926	0.8118782016546146	0.1881217983453865
NODE_1329_length_4796_cov_16.524784	0.4875	0.5125
NODE_265_length_40929_cov_8.278955|provirus_10946_19741	0.9320112779837082	0.06798872201629169
NODE_99_length_21899_cov_271.349387	0.9520976057576496	0.04790239424235011
NODE_2288_length_2197_cov_6.152194	0.8118782016546146	0.1881217983453865
NODE_590_length_6739_cov_4.358767	0.8118782016546146	0.1881217983453865
NODE_940_length_1266_cov_4.521057	0.0	1.0
NODE_18_length_36018_cov_7.037010	0.85	0.15
NODE_2667_length_1412_cov_3.002211	0.8118782016546146	0.1881217983453865
NODE_278_length_9687_cov_5.219581	0.8118782016546146	0.1881217983453865
NODE_1557_length_2521_cov_5.727088	0.826223457676789	0.173776542323212
NODE_738_length_8061_cov_8.162878	0.8118782016546146	0.1881217983453865
NODE_2273_length_1137_cov_3.246765	0.8118782016546146	0.1881217983453865
NODE_1406_length_3617_cov_4.808254	0.8118782016546146	0.1881217983453865
NODE_342_length_10504_cov_7.705618	0.8350279929346638	0.16497200706533682
NODE_930_length_4573_cov_5.266932	0.9972986238568456	0.002701376143154288
NODE_1361_length_3313_cov_10.090853	0.08306663825095328	0.9169333617490466
NODE_1098_length_4803_cov_5.912805	0.8118782016546146	0.1881217983453865
NODE_38_length_1261_cov_5.764511	0.0	1.0
NODE_53_length_16870_cov_13.743027	0.9452643171806168	0.05473568281938327
NODE_1624_length_2501_cov_5.282911	0.8118782016546146	0.1881217983453865
NODE_700_length_2756_cov_6.677157	0.8118782016546146	0.1881217983453865
NODE_46_length_19600_cov_47.405628	1.0	0.0
NODE_1268_length_3996_cov_39.488962	0.0125	0.9875
NODE_2350_length_2684_cov_4.486877	0.8118782016546146	0.1881217983453865
NODE_313_length_3138_cov_6.434317	0.8118782016546146	0.1881217983453865
NODE_996_length_7267_cov_6.743899	0.4774237792474982	0.5225762207525018
NODE_1454_length_3453_cov_3.464979	0.8118782016546146	0.1881217983453865
NODE_2617_length_1899_cov_4.373102	0.8118782016546146	0.1881217983453865
NODE_851_length_3033_cov_8.269980	0.8118782016546146	0.1881217983453865
NODE_1301_length_2543_cov_7.558682	0.8118782016546146	0.1881217983453865
NODE_1564_length_2551_cov_4.290865	0.9602261948935176	0.03977380510648237
NODE_739_length_5009_cov_6.476383	1.0	0.0
NODE_948_length_5284_cov_5.944731	0.8363170653598774	0.16368293464012354
NODE_1261_length_3858_cov_4.214567	0.931779094256249	0.06822090574375078
NODE_687_length_2813_cov_6.951777	0.8529010843705971	0.14709891562940353
NODE_1503_length_2806_cov_3.922937	0.9167621413211737	0.0832378586788263
NODE_1806_length_2675_cov_6.659542	0.8118782016546146	0.1881217983453865
NODE_3512_length_1188_cov_3.716681	0.8118782016546146	0.1881217983453865
NODE_43_length_20373_cov_28.772369	0.9844960654312054	0.015503934568794698
NODE_280_length_3034_cov_48.190668	0.8118782016546146	0.1881217983453865
NODE_1043_length_5009_cov_8.757771	0.8118782016546146	0.1881217983453865
NODE_1400_length_1829_cov_4.534386	0.8550238645244239	0.14497613547557656
NODE_1774_length_2850_cov_22.364222	0.9606617952123443	0.03933820478765556
NODE_309_length_14316_cov_11.820279	0.8118782016546146	0.1881217983453865
NODE_793_length_1381_cov_1.760935	0.9706919125995302	0.029308087400469807
NODE_3386_length_1614_cov_12.089801	0.8118782016546146	0.1881217983453865
NODE_5027_length_1271_cov_3.500822	0.0	1.0
NODE_1929_length_2592_cov_45.237682	0.8118782016546146	0.1881217983453865
NODE_554_length_7991_cov_8.091482	0.8118782016546146	0.1881217983453865
NODE_417_length_5474_cov_11.435689	0.8118782016546146	0.1881217983453865
NODE_1115_length_4488_cov_7.035867	0.8118782016546146	0.1881217983453865
NODE_569_length_3346_cov_3.490125	0.9326541850220262	0.06734581497797358
NODE_1542_length_3340_cov_7.443227	0.8118782016546146	0.1881217983453865
NODE_1264_length_2799_cov_3.494169	0.8118782016546146	0.1881217983453865
NODE_1250_length_5037_cov_5.407668	0.6875	0.3125
NODE_766_length_4069_cov_5.818884	0.8118782016546146	0.1881217983453865
NODE_1071_length_6474_cov_15.783611	0.9875	0.0125
NODE_241_length_3449_cov_5.197996	0.0125	0.9875
NODE_2137_length_1853_cov_3.723582	0.0	1.0
NODE_2996_length_1402_cov_4.274684	0.8118782016546146	0.1881217983453865
NODE_661_length_1645_cov_2.506289	0.8691268200909323	0.130873179909068
NODE_60_length_70157_cov_14.317295|provirus_6729_54193	0.025	0.975
NODE_2184_length_2813_cov_4.291516	0.9404185022026432	0.05958149779735683
NODE_839_length_5381_cov_27.898235	0.8118782016546146	0.1881217983453865
NODE_1386_length_2054_cov_6.680840	0.9320112779837082	0.06798872201629169
NODE_4565_length_1307_cov_2.827476	0.8118782016546146	0.1881217983453865
NODE_1769_length_1947_cov_6.059197	0.0	1.0
NODE_591_length_1610_cov_2.979421	0.8118782016546146	0.1881217983453865
NODE_336_length_3001_cov_13.074338	0.8118782016546146	0.1881217983453865
NODE_5114_length_1045_cov_6.445455	0.7801973201466772	0.21980267985332375
NODE_1766_length_2369_cov_3.469317	0.8118782016546146	0.1881217983453865
NODE_1430_length_1018_cov_1.370717	0.0875	0.9125
NODE_1122_length_2806_cov_3.212650	0.8837115727024182	0.11628842729758218
NODE_513_length_8890_cov_6.308659	0.8118782016546146	0.1881217983453865
NODE_990_length_3671_cov_7.958794	0.8118782016546146	0.1881217983453865
NODE_1438_length_3663_cov_5.024667	0.8118782016546146	0.1881217983453865
NODE_197_length_8479_cov_9.496083	0.9625	0.0375
NODE_89_length_61266_cov_8.215942	0.0	1.0
NODE_160_length_4008_cov_3.618771	0.8118782016546146	0.1881217983453865
NODE_358_length_2209_cov_3.369545	0.8118782016546146	0.1881217983453865
NODE_1140_length_3042_cov_3.425176	0.8118782016546146	0.1881217983453865
NODE_5294_length_1015_cov_4.001042	0.8118782016546146	0.1881217983453865
NODE_1505_length_2500_cov_249.157464	0.8118782016546146	0.1881217983453865
NODE_621_length_1567_cov_4.782407	0.0	1.0
NODE_4382_length_1351_cov_5.240741	0.0375	0.9625
NODE_453_length_15514_cov_7.051297	0.8845603315797836	0.11543966842021684
NODE_1816_length_3002_cov_18.713607	0.527808370044053	0.4721916299559471
NODE_1163_length_4650_cov_11.917519	0.9987156186452293	0.0012843813547707623
NODE_17_length_19741_cov_4.852687	0.9495052770448549	0.05049472295514512
NODE_4669_length_1077_cov_2.565558	0.8118782016546146	0.1881217983453865
NODE_2258_length_2305_cov_5.247111	0.8118782016546146	0.1881217983453865
NODE_2168_length_2642_cov_5.300734	0.8118782016546146	0.1881217983453865
NODE_4616_length_1165_cov_6.749550	0.9074622577376132	0.09253774226238652
NODE_1027_length_4636_cov_20.014189	0.0	1.0
NODE_2814_length_1030_cov_7.473846	0.8118782016546146	0.1881217983453865
NODE_2048_length_1701_cov_4.141555	0.0	1.0
NODE_172_length_36863_cov_73.802760	0.0	1.0
NODE_402_length_29684_cov_275.000203	0.1	0.9
NODE_982_length_5697_cov_6.203297	0.9107929515418502	0.08920704845814986
NODE_304_length_11539_cov_7.449408	0.8118782016546146	0.1881217983453865
NODE_475_length_11718_cov_5.183058	0.8278872641572755	0.17211273584272452
NODE_815_length_9452_cov_9.352453	0.0125	0.9875
NODE_186_length_3606_cov_2.664038	0.8118782016546146	0.1881217983453865
NODE_444_length_12751_cov_9.040013	0.8118782016546146	0.1881217983453865
NODE_803_length_4498_cov_1136.345262	0.8118782016546146	0.1881217983453865
NODE_714_length_7001_cov_23.326663	0.5636802400813676	0.4363197599186324
NODE_502_length_7518_cov_18.659654	0.6694764488388344	0.33052355116116583
NODE_2752_length_1027_cov_22.139918	0.0	1.0
NODE_585_length_1621_cov_2.642401	0.8118782016546146	0.1881217983453865
NODE_2679_length_1284_cov_2.926770	0.81920199020087	0.18079800979913094
NODE_661_length_4367_cov_5.651438	0.975	0.025
NODE_198_length_8163_cov_9.324741	0.8118782016546146	0.1881217983453865
NODE_3245_length_1010_cov_2.720419	0.8118782016546146	0.1881217983453865
NODE_708_length_8728_cov_26.528422	0.7991140052728642	0.20088599472713656
NODE_191_length_14612_cov_5.894621	0.0	1.0
NODE_1406_length_2725_cov_3.810112	0.2625	0.7375
NODE_477_length_15190_cov_11.631913	0.9972986238568456	0.002701376143154288
NODE_738_length_3208_cov_8.286394	0.8118782016546146	0.1881217983453865
NODE_852_length_3922_cov_6.695112	0.8118782016546146	0.1881217983453865
NODE_1379_length_3878_cov_8.002877	0.8118782016546146	0.1881217983453865
NODE_1493_length_1864_cov_2.265340	0.8118782016546146	0.1881217983453865
NODE_675_length_7581_cov_100.919612	0.8118782016546146	0.1881217983453865
NODE_626_length_2561_cov_6.706704	0.8118782016546146	0.1881217983453865
NODE_707_length_7557_cov_22.433484	0.8118782016546146	0.1881217983453865
NODE_2559_length_1942_cov_4.955485	0.9975761479884981	0.0024238520115018062
NODE_294_length_2969_cov_2.750858	0.9320112779837082	0.06798872201629169
NODE_264_length_3553_cov_349.182962	0.8118782016546146	0.1881217983453865
NODE_8_length_113388_cov_131.683737	0.9875	0.0125
NODE_952_length_5554_cov_6.763593	0.8118782016546146	0.1881217983453865
NODE_130_length_77265_cov_22.063904|provirus_67829_77021	0.8118782016546146	0.1881217983453865
NODE_1990_length_2132_cov_5.785749	0.8118782016546146	0.1881217983453865
NODE_501_length_3664_cov_11.020504	0.9466469356659408	0.05335306433405912
NODE_1180_length_2996_cov_24.596056	0.0	1.0
NODE_95_length_5968_cov_4.964654	0.4610002826435832	0.5389997173564167
NODE_1545_length_3266_cov_19.607910	0.7726573573653849	0.22734264263461562
NODE_1196_length_2946_cov_6.579730	0.0	1.0
NODE_732_length_11018_cov_1316.019976	0.7801973201466772	0.21980267985332375
NODE_621_length_7036_cov_14.523277	0.8118782016546146	0.1881217983453865
NODE_1044_length_3348_cov_3.808381	0.8118782016546146	0.1881217983453865
NODE_719_length_6734_cov_5.638269	0.8118782016546146	0.1881217983453865
NODE_4240_length_1184_cov_4.600531	0.9987156186452293	0.0012843813547707623
NODE_28_length_164425_cov_74.042416|provirus_29_45282	0.0	1.0
NODE_5997_length_1100_cov_2.450718	0.8118782016546146	0.1881217983453865
NODE_1656_length_3207_cov_14.056472	0.8118782016546146	0.1881217983453865
NODE_40_length_38412_cov_55.863441	0.025	0.975
NODE_3714_length_1904_cov_5.448891	0.0125	0.9875
NODE_819_length_1362_cov_2.496557	0.8118782016546146	0.1881217983453865
NODE_299_length_10882_cov_30.015147	0.0	1.0
NODE_811_length_5282_cov_6.841783	0.8118782016546146	0.1881217983453865
NODE_931_length_8430_cov_18.747463	0.8118782016546146	0.1881217983453865
NODE_122_length_6417_cov_17.027350	0.8118782016546146	0.1881217983453865
NODE_403_length_17644_cov_1809.089886	0.0375	0.9625
NODE_691_length_9321_cov_5.969566	0.766569952409428	0.23343004759057245
NODE_1133_length_5136_cov_33.778981	0.1	0.9
NODE_650_length_6361_cov_6.692039	0.7729643451239226	0.22703565487607813
NODE_661_length_9488_cov_99.243613	0.8461605166393262	0.15383948336067438
NODE_615_length_11576_cov_114.611145	0.5575440528634361	0.44245594713656383
NODE_1158_length_3043_cov_3.853414	0.8118782016546146	0.1881217983453865
NODE_2463_length_2040_cov_6.587406	0.8118782016546146	0.1881217983453865
NODE_1991_length_3188_cov_5.819342	0.0	1.0
NODE_199_length_38411_cov_18.010611	0.0375	0.9625
NODE_864_length_5862_cov_26.281901	0.8118782016546146	0.1881217983453865
NODE_56_length_16302_cov_22.998831	0.8118782016546146	0.1881217983453865
NODE_962_length_8216_cov_5.455581	0.9875	0.0125
NODE_1645_length_2515_cov_4.275203	0.7429749414245747	0.25702505857542585
NODE_1222_length_1113_cov_1.643667	0.8118782016546146	0.1881217983453865
NODE_3829_length_1032_cov_1.486182	0.8118782016546146	0.1881217983453865
NODE_2269_length_2821_cov_4.664497	0.8118782016546146	0.1881217983453865
NODE_954_length_4585_cov_15.544371	0.8118782016546146	0.1881217983453865
NODE_1172_length_1138_cov_33.322253	0.8118782016546146	0.1881217983453865
NODE_1220_length_2903_cov_3.497191	0.8118782016546146	0.1881217983453865
NODE_693_length_5644_cov_5.643407	0.7869745135998834	0.21302548640011718
NODE_638_length_12684_cov_14.580806	0.9676762114537446	0.032323788546255505
NODE_319_length_16836_cov_11.794708	0.7740478051788435	0.22595219482115722
NODE_364_length_6238_cov_6.230309	0.8299842841693319	0.17001571583066852
NODE_3433_length_2017_cov_7.702345	0.0125	0.9875
NODE_1614_length_3970_cov_12.181865	0.8118782016546146	0.1881217983453865
NODE_2674_length_2654_cov_15.941901	0.8118782016546146	0.1881217983453865
NODE_2552_length_1347_cov_3.110681	0.8118782016546146	0.1881217983453865
NODE_816_length_4609_cov_5.214756	0.9972986238568456	0.002701376143154288
NODE_66_length_14339_cov_57.569518	0.8440918580422796	0.15590814195772124
NODE_3059_length_1111_cov_5.649621	0.0	1.0
NODE_707_length_8757_cov_7.045852	0.8118782016546146	0.1881217983453865
NODE_488_length_15615_cov_8.245694	0.0	1.0
NODE_2059_length_1526_cov_4.799456	0.8118782016546146	0.1881217983453865
NODE_1062_length_4753_cov_4.627501	0.025	0.975
NODE_1563_length_2301_cov_10.660285	0.0	1.0
NODE_696_length_11292_cov_19.369494	0.8118782016546146	0.1881217983453865
NODE_10_length_217393_cov_15.630805|provirus_4556_30967	0.7125	0.2875
NODE_1406_length_4206_cov_4.333655	0.0	1.0
NODE_676_length_9711_cov_334.290079	0.0375	0.9625
NODE_335_length_20808_cov_107.089963	0.0	1.0
NODE_995_length_7936_cov_20.092755	0.9625	0.0375
NODE_1414_length_2598_cov_9.086119	0.8118782016546146	0.1881217983453865
NODE_1992_length_3218_cov_3.072716	0.8118782016546146	0.1881217983453865
NODE_252_length_21786_cov_7.743316|provirus_11205_21743	0.9972986238568456	0.002701376143154288
NODE_1045_length_6642_cov_13.697890	0.8118782016546146	0.1881217983453865
NODE_715_length_5755_cov_15.409474	0.8550238645244239	0.14497613547557656
NODE_486_length_6444_cov_8.092190	0.0125	0.9875
NODE_1206_length_2948_cov_736.924300	0.8118782016546146	0.1881217983453865
NODE_5488_length_1148_cov_3.391583	0.8118782016546146	0.1881217983453865
NODE_937_length_6155_cov_17.701311	0.8118782016546146	0.1881217983453865
NODE_431_length_6333_cov_17.949028	0.8962701741975205	0.10372982580247966
NODE_1851_length_3438_cov_6.121490	0.6502171016772478	0.34978289832275244
NODE_4550_length_1164_cov_6.034265	0.9987156186452293	0.0012843813547707623
NODE_1691_length_3010_cov_5.814213	0.8118782016546146	0.1881217983453865
NODE_1010_length_4287_cov_71.227316	0.8118782016546146	0.1881217983453865
NODE_215_length_3236_cov_4.272870	0.8396897343386005	0.1603102656614003
NODE_1209_length_3352_cov_2.694874	0.8118782016546146	0.1881217983453865
NODE_825_length_1360_cov_2.013027	0.9602261948935176	0.03977380510648237
NODE_677_length_8295_cov_62.523301	0.0875	0.9125
NODE_1761_length_2502_cov_7.919085	0.8118782016546146	0.1881217983453865
NODE_1654_length_2858_cov_11.802711	0.8118782016546146	0.1881217983453865
NODE_1648_length_4785_cov_13.005285	0.0	1.0
NODE_537_length_1896_cov_6.189028	0.8118782016546146	0.1881217983453865
NODE_389_length_10778_cov_6.249930	0.48721535186982506	0.512784648130175
NODE_3088_length_1057_cov_2.450100	0.8118782016546146	0.1881217983453865
NODE_765_length_5395_cov_6.556929	0.8317019902008699	0.16829800979913095
NODE_5784_length_1092_cov_2.510125	0.8118782016546146	0.1881217983453865
NODE_1196_length_4706_cov_6.610621	0.8143561752228965	0.18564382477710456
NODE_1859_length_2800_cov_5.591257	0.8118782016546146	0.1881217983453865
NODE_147_length_36185_cov_117.717548	0.0	1.0
NODE_2100_length_1460_cov_5.042705	0.8118782016546146	0.1881217983453865
NODE_400_length_5362_cov_8.985114	0.8118782016546146	0.1881217983453865
NODE_1263_length_3025_cov_5.382155	0.8118782016546146	0.1881217983453865
NODE_896_length_9114_cov_63.168230	0.0	1.0
NODE_546_length_8041_cov_7.521913	0.6694764488388344	0.33052355116116583
NODE_1162_length_5509_cov_7.356986	0.15506607929515417	0.8449339207048456
NODE_937_length_3593_cov_15.492086	0.8118782016546146	0.1881217983453865
NODE_344_length_20349_cov_6.230117	0.0	1.0
NODE_1004_length_2342_cov_3.848273	0.0	1.0
NODE_1992_length_2011_cov_4.148773	0.8118782016546146	0.1881217983453865
NODE_6118_length_1014_cov_9.704901	0.724694777917064	0.2753052220829365
NODE_853_length_3921_cov_3.226849	0.8118782016546146	0.1881217983453865
NODE_6183_length_1314_cov_3.867355	0.8118782016546146	0.1881217983453865
NODE_338_length_2635_cov_3.262791	0.8118782016546146	0.1881217983453865
NODE_4518_length_1046_cov_3.288597	0.8118782016546146	0.1881217983453865
NODE_2541_length_1206_cov_2.589922	0.8118782016546146	0.1881217983453865
NODE_2968_length_1767_cov_7.109813	0.0	1.0
NODE_916_length_2601_cov_10.780047	0.8118782016546146	0.1881217983453865
NODE_244_length_3422_cov_2.718147	0.8578353972084102	0.14216460279159035
NODE_1002_length_3369_cov_4.085395	0.8118782016546146	0.1881217983453865
NODE_3270_length_1083_cov_1.818093	0.8118782016546146	0.1881217983453865
NODE_74_length_38703_cov_8.351144|provirus_2_22265	0.0	1.0
NODE_945_length_3174_cov_9.948702	0.8118782016546146	0.1881217983453865
NODE_136_length_36768_cov_19.035982	0.45	0.55
NODE_1301_length_3307_cov_6.593173	0.8118782016546146	0.1881217983453865
NODE_193_length_39712_cov_6.226190	0.05	0.95
NODE_1067_length_5696_cov_15.288069	0.8784843051855816	0.12151569481441885
NODE_158_length_11081_cov_10.553238	0.8118782016546146	0.1881217983453865
NODE_615_length_9933_cov_5.439664	0.0125	0.9875
NODE_1715_length_3261_cov_6.728322	0.8118782016546146	0.1881217983453865
NODE_228_length_21624_cov_26.365571	0.875	0.125
NODE_162_length_4971_cov_48.427787	0.8118782016546146	0.1881217983453865
NODE_482_length_6261_cov_4.535127	0.8118782016546146	0.1881217983453865
NODE_1700_length_2454_cov_12.135890	0.9625	0.0375
NODE_486_length_8815_cov_3.911872	0.8163115634036613	0.18368843659633977
NODE_690_length_4287_cov_10.069707	0.8118782016546146	0.1881217983453865
NODE_294_length_12938_cov_7.822712	0.0125	0.9875
NODE_1861_length_1706_cov_9.000606	0.8440918580422796	0.15590814195772124
NODE_1118_length_2789_cov_2.808339	0.8118782016546146	0.1881217983453865
NODE_2041_length_1386_cov_3.691210	0.275	0.725
NODE_1472_length_3486_cov_6.937919	0.9867103416003744	0.013289658399625643
NODE_984_length_4725_cov_6.130835	0.0125	0.9875
NODE_502_length_4680_cov_4.082162	0.8118782016546146	0.1881217983453865
NODE_706_length_9001_cov_11.109882	0.8362407930380643	0.16375920696193652
NODE_1164_length_4593_cov_10.455046	0.8118782016546146	0.1881217983453865
NODE_1286_length_2776_cov_23.367879	0.8118782016546146	0.1881217983453865
NODE_1341_length_4160_cov_9.409013	0.8118782016546146	0.1881217983453865
NODE_1621_length_3853_cov_100.034229	0.0	1.0
NODE_22_length_128069_cov_21.086295|provirus_34170_98395	0.0625	0.9375
NODE_987_length_3306_cov_8.760689	0.9625	0.0375
NODE_166_length_5801_cov_289.933171	0.0	1.0
NODE_985_length_3872_cov_6.920094	0.8118782016546146	0.1881217983453865
NODE_1553_length_4236_cov_29.627601	0.8118782016546146	0.1881217983453865
NODE_431_length_12194_cov_8.575912	0.9975761479884981	0.0024238520115018062
NODE_125_length_7892_cov_1006.475565	0.8461605166393262	0.15383948336067438
NODE_200_length_3419_cov_4.433413	0.8118782016546146	0.1881217983453865
NODE_658_length_5901_cov_4.121280	0.8362407930380643	0.16375920696193652
NODE_887_length_4870_cov_6.746210	0.8118782016546146	0.1881217983453865
NODE_792_length_7956_cov_4.092140	0.8118782016546146	0.1881217983453865
NODE_53_length_9847_cov_3.295752	0.8118782016546146	0.1881217983453865
NODE_124_length_39539_cov_31.076005	0.0125	0.9875
NODE_990_length_2631_cov_10.267857	0.9875	0.0125
NODE_615_length_6450_cov_19.525410	0.0125	0.9875
NODE_1516_length_3749_cov_10.734164	0.8118782016546146	0.1881217983453865
NODE_879_length_5803_cov_5.746173	0.0	1.0
NODE_1463_length_2299_cov_4.454991	0.8202762967306704	0.1797237032693301
NODE_108_length_16977_cov_116.663101	0.0	1.0
NODE_2206_length_2597_cov_7.216758	0.8118782016546146	0.1881217983453865
NODE_1230_length_4414_cov_7.119982	0.8267460430643061	0.17325395693569484
NODE_848_length_2982_cov_33.972327	0.8118782016546146	0.1881217983453865
NODE_2236_length_1333_cov_10.253521	0.0	1.0
NODE_808_length_5181_cov_14.840616	0.8118782016546146	0.1881217983453865
NODE_1798_length_2684_cov_29.311145	0.0875	0.9125
NODE_1389_length_3851_cov_11.429663	0.8118782016546146	0.1881217983453865
NODE_1253_length_4696_cov_4.147382	0.8118782016546146	0.1881217983453865
NODE_1568_length_3144_cov_7.337650	0.8118782016546146	0.1881217983453865
NODE_113_length_5349_cov_5.386286	0.025	0.975
NODE_2691_length_1221_cov_3.456261	0.8118782016546146	0.1881217983453865
NODE_253_length_8024_cov_6.829590	0.0	1.0
NODE_66_length_44622_cov_51.812687	0.8875	0.1125
NODE_3686_length_1625_cov_3.493631	0.9284736410929751	0.07152635890702505
NODE_116_length_38613_cov_286.577597	0.0125	0.9875
NODE_1046_length_5621_cov_125.866870	0.8747935315138993	0.12520646848610112
NODE_2530_length_2547_cov_6.221108	0.8118782016546146	0.1881217983453865
NODE_681_length_4804_cov_9.113708	0.08502202643171806	0.914977973568282
NODE_4672_length_1015_cov_3.415625	0.8118782016546146	0.1881217983453865
NODE_107_length_22047_cov_25.693889	0.8327330791352491	0.16726692086475092
NODE_938_length_3852_cov_8.090071	0.0	1.0
NODE_1327_length_4130_cov_5.709448	0.9284736410929751	0.07152635890702505
NODE_6011_length_1099_cov_1.722222	0.8118782016546146	0.1881217983453865
NODE_4746_length_1191_cov_6.191901	0.9987156186452293	0.0012843813547707623
NODE_1972_length_2680_cov_4.646476	0.8118782016546146	0.1881217983453865
NODE_2534_length_1967_cov_5.160565	0.8263964143164042	0.17360358568359646
NODE_1021_length_3863_cov_7.928834	0.8118782016546146	0.1881217983453865
NODE_732_length_3221_cov_7.692988	0.8118782016546146	0.1881217983453865
NODE_895_length_4951_cov_13.092729	0.8118782016546146	0.1881217983453865
NODE_1322_length_1047_cov_3.806452	0.8800312501502798	0.11996874984972046
NODE_191_length_11482_cov_6.117791	0.8905335870590093	0.10946641294099069
NODE_1450_length_3880_cov_5.610196	0.8118782016546146	0.1881217983453865
NODE_3574_length_1331_cov_2.348746	0.8118782016546146	0.1881217983453865
NODE_88_length_6325_cov_3.779426	0.8118782016546146	0.1881217983453865
NODE_3361_length_1390_cov_5.887640	0.724694777917064	0.2753052220829365
NODE_1659_length_2896_cov_6.828933	0.0	1.0
NODE_11_length_66886_cov_11.614326|provirus_7399_66886	0.1	0.9
NODE_1185_length_3872_cov_14.769190	0.8118782016546146	0.1881217983453865
NODE_121_length_6475_cov_25.920249	0.9718791193933999	0.028120880606600045
NODE_4157_length_1238_cov_8.467456	0.8118782016546146	0.1881217983453865
NODE_259_length_15570_cov_23.236932	0.8460472462230444	0.15395275377695644
NODE_1211_length_2702_cov_7.191160	0.8118782016546146	0.1881217983453865
NODE_6522_length_1270_cov_9.375309	0.15	0.85
NODE_584_length_6871_cov_8.615170	0.7970205497371335	0.2029794502628674
NODE_1436_length_1015_cov_2.790625	0.8118782016546146	0.1881217983453865
NODE_269_length_14525_cov_15.519903	0.0875	0.9125
NODE_336_length_5681_cov_48.252755	0.8118782016546146	0.1881217983453865
NODE_1824_length_2591_cov_4.697950	0.8118782016546146	0.1881217983453865
NODE_432_length_11598_cov_6.284415	0.35900894107497866	0.6409910589250213
NODE_626_length_1564_cov_5.337309	0.8871118181039386	0.11288818189606183
NODE_2021_length_2786_cov_6.888685	0.8118782016546146	0.1881217983453865
NODE_446_length_8151_cov_7.545949	0.8118782016546146	0.1881217983453865
NODE_752_length_3170_cov_7.854896	0.8118782016546146	0.1881217983453865
NODE_1320_length_3894_cov_6.729096	0.8118782016546146	0.1881217983453865
NODE_1224_length_2293_cov_3.016533	0.8118782016546146	0.1881217983453865
NODE_714_length_8853_cov_6.383951	0.8118782016546146	0.1881217983453865
NODE_912_length_8730_cov_850.056254	0.8118782016546146	0.1881217983453865
NODE_1039_length_3380_cov_25.711278	0.9625	0.0375
NODE_330_length_31412_cov_3595.604713	0.0	1.0
NODE_162_length_43197_cov_12.090260	0.0	1.0
NODE_697_length_1571_cov_2.366755	0.7567561845216536	0.2432438154783468
NODE_331_length_7917_cov_41.518189	0.0	1.0
NODE_1198_length_2744_cov_4.802529	0.8118782016546146	0.1881217983453865
NODE_115_length_39977_cov_22.569661	0.0375	0.9625
NODE_996_length_5248_cov_12.190449	0.8578744493392069	0.14212555066079302
NODE_358_length_10507_cov_12.936854	0.9987156186452293	0.0012843813547707623
NODE_1368_length_3847_cov_6.648734	0.9972986238568456	0.002701376143154288
NODE_19_length_40010_cov_71.909198	0.075	0.925
NODE_1136_length_5719_cov_15.513771	0.5125	0.4875
NODE_1211_length_1116_cov_2.086711	0.8118782016546146	0.1881217983453865
NODE_735_length_1436_cov_1.792904	0.8118782016546146	0.1881217983453865
NODE_657_length_8520_cov_10.546367	0.025	0.975
NODE_99_length_5851_cov_3.793651	0.0	1.0
NODE_2822_length_1727_cov_3.586722	0.0	1.0
NODE_831_length_3694_cov_7.206650	0.8118782016546146	0.1881217983453865
NODE_3973_length_1301_cov_4.520867	0.8601321585903084	0.13986784140969166
NODE_836_length_3127_cov_6.355794	0.9107929515418502	0.08920704845814986
NODE_3105_length_1745_cov_4.652071	0.0	1.0
NODE_1017_length_3175_cov_27.554487	0.8118782016546146	0.1881217983453865
NODE_2011_length_2793_cov_8.678963	0.8806952057417549	0.11930479425824539
NODE_3049_length_1449_cov_3.841463	0.8461605166393262	0.15383948336067438
NODE_888_length_4795_cov_5.692405	0.9855708709436433	0.014429129056356687
NODE_103_length_5688_cov_4.401740	1.0	0.0
NODE_61_length_38116_cov_51.972281	0.0	1.0
NODE_1790_length_3353_cov_6.374773	0.8118782016546146	0.1881217983453865
NODE_240_length_16694_cov_79.948795	0.025	0.975
NODE_4165_length_1315_cov_3.457937	0.8118782016546146	0.1881217983453865
NODE_1110_length_2821_cov_3.820680	0.42483251088069285	0.5751674891193073
NODE_2269_length_1480_cov_4.322807	0.9987156186452293	0.0012843813547707623
NODE_590_length_11219_cov_18.329631	0.9991368286445013	0.0008631713554987213
NODE_479_length_2068_cov_51.126180	0.0	1.0
NODE_824_length_4380_cov_220.553757	0.8461605166393262	0.15383948336067438
NODE_20_length_35331_cov_49.068092	0.1875	0.8125
NODE_1656_length_2587_cov_5.100316	0.0125	0.9875
NODE_105_length_34419_cov_13.781283|provirus_17286_34418	0.7	0.3
NODE_181_length_44721_cov_43.504254	0.0	1.0
NODE_908_length_6433_cov_7.265130	0.8338669542239673	0.16613304577603344
NODE_276_length_13170_cov_54.100343	0.0	1.0
NODE_551_length_4189_cov_6.637639	0.8118782016546146	0.1881217983453865
NODE_120_length_44371_cov_9.663327	0.025	0.975
NODE_1213_length_5747_cov_6.697470	0.8118782016546146	0.1881217983453865
NODE_1321_length_1048_cov_2.348439	0.8118782016546146	0.1881217983453865
NODE_52_length_16934_cov_28.948220	0.8118782016546146	0.1881217983453865
NODE_201_length_3412_cov_2.440870	0.8118782016546146	0.1881217983453865
NODE_349_length_2569_cov_4.017900	0.8160912990864805	0.18390870091352035
NODE_3789_length_1212_cov_3.144339	0.8118782016546146	0.1881217983453865
NODE_1678_length_2720_cov_50.305816	0.0	1.0
NODE_1139_length_3931_cov_6.083333	0.07056663825095329	0.9294333617490466
NODE_4277_length_1095_cov_2.366346	0.724694777917064	0.2753052220829365
NODE_1960_length_3491_cov_16.300058	0.42483251088069285	0.5751674891193073
NODE_266_length_13446_cov_8.802479	0.8336573783816347	0.16634262161836616
NODE_1478_length_3161_cov_4.203155	0.8118782016546146	0.1881217983453865
NODE_851_length_9964_cov_16.891412	0.0	1.0
NODE_737_length_7618_cov_6.145577	0.577354489277548	0.42264551072245204
NODE_393_length_11869_cov_11.596242	0.8972199669887146	0.1027800330112852
NODE_1013_length_5104_cov_6.459893	0.8118782016546146	0.1881217983453865
NODE_4372_length_1017_cov_2.721414	0.9987156186452293	0.0012843813547707623
NODE_5077_length_1011_cov_1.685146	0.8118782016546146	0.1881217983453865
NODE_24_length_16285_cov_42.554713	0.8118782016546146	0.1881217983453865
NODE_1688_length_2140_cov_2.430216	0.8118782016546146	0.1881217983453865
NODE_365_length_6752_cov_5.892788	0.724694777917064	0.2753052220829365
NODE_877_length_4119_cov_7.801919	0.7933240711898388	0.20667592881016147
NODE_17_length_139991_cov_17.814237|provirus_88907_131566	0.39008810572687225	0.6099118942731276
NODE_2011_length_2669_cov_260.882173	0.8118782016546146	0.1881217983453865
NODE_630_length_1562_cov_5.102853	0.8118782016546146	0.1881217983453865
NODE_217_length_3222_cov_3.829807	0.8118782016546146	0.1881217983453865
NODE_4865_length_1122_cov_8.839738	0.9987156186452293	0.0012843813547707623
NODE_109_length_5517_cov_5.794764	0.9875	0.0125
NODE_32_length_125259_cov_59.302315|provirus_14302_103731	0.0125	0.9875
NODE_550_length_6952_cov_55.107293	0.0	1.0
NODE_4060_length_1560_cov_5.491694	0.0	1.0
NODE_393_length_5776_cov_11.760007	0.8299842841693319	0.17001571583066852
NODE_706_length_9031_cov_24.872995	0.0	1.0
NODE_395_length_2315_cov_2.461062	0.8118782016546146	0.1881217983453865
NODE_272_length_6801_cov_41.752298	0.0375	0.9625
NODE_445_length_13206_cov_42.964718	0.8836467208082462	0.11635327919175383
NODE_1006_length_5270_cov_5.930201	0.0125	0.9875
NODE_80_length_39770_cov_64.322573	0.05	0.95
NODE_2208_length_1898_cov_12.739555	0.0	1.0
NODE_2392_length_2556_cov_7.717313	0.0	1.0
NODE_2247_length_1070_cov_3.404926	0.8118782016546146	0.1881217983453865
NODE_1959_length_1469_cov_2.435644	0.9987156186452293	0.0012843813547707623
NODE_4142_length_1265_cov_9.221488	0.8118782016546146	0.1881217983453865
NODE_171_length_37100_cov_211.056769	0.0	1.0
NODE_1415_length_4181_cov_5.726369	0.8595851041362262	0.14041489586377437
NODE_520_length_9259_cov_14.997827	0.8118782016546146	0.1881217983453865
NODE_1387_length_1039_cov_20.370935	0.8118782016546146	0.1881217983453865
NODE_5231_length_1453_cov_4.859800	0.6638005617321684	0.3361994382678316
NODE_365_length_20565_cov_18.642223	0.0	1.0
NODE_38_length_12381_cov_9.720509	0.8225797543273679	0.1774202456726331
NODE_1876_length_1287_cov_2.543831	0.9987156186452293	0.0012843813547707623
NODE_1044_length_3426_cov_42.706022	0.8350279929346638	0.16497200706533682
NODE_1609_length_2520_cov_15.341582	0.9344570860644115	0.06554291393558824
NODE_3598_length_1325_cov_2.823622	0.8118782016546146	0.1881217983453865
NODE_1422_length_2645_cov_4.424324	0.8118782016546146	0.1881217983453865
NODE_1015_length_5103_cov_5.265848	0.8118782016546146	0.1881217983453865
NODE_52_length_84715_cov_387.896220	0.0375	0.9625
NODE_432_length_20945_cov_11.322451	0.9688107031895161	0.03118929681048402
NODE_492_length_8732_cov_6.818716	0.42483251088069285	0.5751674891193073
NODE_1519_length_3911_cov_4.397044	0.8771999238308108	0.1228000761691896
NODE_847_length_6595_cov_5.830734	0.8118782016546146	0.1881217983453865
NODE_159_length_9578_cov_8.532395	0.7729643451239226	0.22703565487607813
NODE_5616_length_1009_cov_7.381551	0.8461605166393262	0.15383948336067438
NODE_28_length_15120_cov_8.141653	0.9375	0.0625
NODE_2391_length_2195_cov_9.615888	0.2376101321585903	0.7623898678414096
NODE_6390_length_1229_cov_3.322828	0.8118782016546146	0.1881217983453865
NODE_1700_length_2749_cov_7.180772	0.8118782016546146	0.1881217983453865
NODE_1696_length_2376_cov_3.195174	0.8118782016546146	0.1881217983453865
NODE_1309_length_2953_cov_6.256384	0.8118782016546146	0.1881217983453865
NODE_1096_length_2260_cov_12.300680	0.0125	0.9875
NODE_1177_length_5283_cov_27.285386	0.8299842841693319	0.17001571583066852
NODE_2147_length_1412_cov_2.389831	0.8118782016546146	0.1881217983453865
NODE_709_length_10915_cov_13.716575	0.8118782016546146	0.1881217983453865
NODE_1069_length_7411_cov_14.656607	0.8118782016546146	0.1881217983453865
NODE_153_length_9880_cov_18.089873	0.5869553057099941	0.41304469429000595
NODE_1379_length_3383_cov_8.485577	0.8118782016546146	0.1881217983453865
NODE_1839_length_3460_cov_6.952717	0.8118782016546146	0.1881217983453865
NODE_1797_length_2793_cov_3.438641	0.8118782016546146	0.1881217983453865
NODE_197_length_23469_cov_64.990988	0.9125	0.0875
NODE_1958_length_2169_cov_3.448912	0.8118782016546146	0.1881217983453865
NODE_44_length_91318_cov_778.137087	0.0125	0.9875
NODE_809_length_1367_cov_2.485518	0.8118782016546146	0.1881217983453865
NODE_196_length_10813_cov_8.589515	0.0125	0.9875
NODE_437_length_16107_cov_8.085161	0.8118782016546146	0.1881217983453865
NODE_1469_length_4268_cov_8.622122	0.8118782016546146	0.1881217983453865
NODE_1264_length_2611_cov_5.178404	0.8336311192572265	0.16636888074277426
NODE_1148_length_3207_cov_13.351840	0.0	1.0
NODE_518_length_7351_cov_49.470943	0.0	1.0
NODE_636_length_9718_cov_4.457932	0.964110712130639	0.03588928786936091
NODE_1376_length_2860_cov_17.377184	0.8118782016546146	0.1881217983453865
NODE_247_length_3399_cov_3.113935	0.8118782016546146	0.1881217983453865
NODE_4_length_209900_cov_20.895447|provirus_191243_209899	0.8865785442415735	0.11342145575842684
NODE_3139_length_1729_cov_6.163082	0.935022026431718	0.06497797356828194
NODE_516_length_24243_cov_6.742434	0.0	1.0
NODE_652_length_3294_cov_3.960173	0.8118782016546146	0.1881217983453865
NODE_5020_length_1499_cov_5.474377	0.8118782016546146	0.1881217983453865
NODE_109_length_17329_cov_21.961503	0.6848300991473055	0.3151699008526947
NODE_19_length_128753_cov_65.537825|provirus_112776_127566	0.4875	0.5125
NODE_790_length_9852_cov_19.892824	0.925	0.075
NODE_860_length_5585_cov_16.822966	0.8118782016546146	0.1881217983453865
NODE_79_length_11271_cov_35.365549	0.8861895462707002	0.11381045372930024
NODE_758_length_7743_cov_7.138528	0.8118782016546146	0.1881217983453865
NODE_2263_length_3069_cov_20.793298	0.8118782016546146	0.1881217983453865
NODE_303_length_11603_cov_19.569363	0.0	1.0
NODE_2090_length_2500_cov_4.756646	0.8336573783816347	0.16634262161836616
NODE_1472_length_4419_cov_16.031852	0.8118782016546146	0.1881217983453865
NODE_1186_length_4150_cov_3.537973	0.8118782016546146	0.1881217983453865
NODE_1358_length_3536_cov_36.249354	0.0	1.0
NODE_52_length_31176_cov_152.699560	0.0	1.0
NODE_341_length_3453_cov_50.811948	0.8118782016546146	0.1881217983453865
NODE_779_length_7907_cov_95.992486	0.0	1.0
NODE_1858_length_2630_cov_15.348350	0.8118782016546146	0.1881217983453865
NODE_1723_length_3057_cov_7.331113	0.8118782016546146	0.1881217983453865
NODE_1013_length_3589_cov_5.858800	0.9975761479884981	0.0024238520115018062
NODE_1843_length_2797_cov_5.328957	0.8118782016546146	0.1881217983453865
NODE_201_length_27274_cov_8.129836	0.5467570678245315	0.4532429321754686
NODE_341_length_5563_cov_16.639615	0.8601321585903083	0.13986784140969163
NODE_143_length_7437_cov_7.422650	0.975	0.025
NODE_735_length_8116_cov_8.504404	0.9991368286445013	0.0008631713554987213
NODE_779_length_6166_cov_8.238423	0.9061544676656095	0.09384553233439061
NODE_869_length_6477_cov_9.877297	0.0	1.0
NODE_504_length_4677_cov_196.953700	0.864107549490706	0.13589245050929427
NODE_315_length_19741_cov_19.947983	0.0	1.0
NODE_1752_length_2889_cov_4.153846	0.8118782016546146	0.1881217983453865
NODE_1782_length_1985_cov_3.122798	0.0	1.0
NODE_1935_length_3195_cov_8.132166	0.8118782016546146	0.1881217983453865
NODE_1420_length_4797_cov_9.089414	0.8118782016546146	0.1881217983453865
NODE_5265_length_1240_cov_5.282700	0.0	1.0
NODE_123_length_29020_cov_48.579838|provirus_13140_29018	0.0125	0.9875
NODE_5130_length_1228_cov_2.198636	0.8118782016546146	0.1881217983453865
NODE_87_length_21677_cov_16.894321	0.075	0.925
NODE_1728_length_2783_cov_5.998167	0.9602261948935176	0.03977380510648237
NODE_1689_length_2357_cov_6.206777	0.8118782016546146	0.1881217983453865
NODE_925_length_2516_cov_5.385616	0.8118782016546146	0.1881217983453865
NODE_41_length_88707_cov_853.230034	0.0125	0.9875
NODE_213_length_49538_cov_20.727785	0.1125	0.8875
NODE_109_length_43539_cov_14.893685	0.2125	0.7875
NODE_1428_length_2589_cov_4.398579	0.8118782016546146	0.1881217983453865
NODE_1748_length_2651_cov_3.706857	0.8118782016546146	0.1881217983453865
NODE_770_length_9556_cov_5.364383	0.931779094256249	0.06822090574375078
NODE_3471_length_1019_cov_3.377593	0.8118782016546146	0.1881217983453865
NODE_2608_length_2724_cov_13.636193	0.8118782016546146	0.1881217983453865
NODE_629_length_6314_cov_5.957182	0.8118782016546146	0.1881217983453865
NODE_3241_length_1490_cov_2.567944	0.0625	0.9375
NODE_1627_length_3422_cov_7.821503	0.8118782016546146	0.1881217983453865
NODE_1705_length_3384_cov_5.820066	0.8118782016546146	0.1881217983453865
NODE_351_length_17457_cov_7.739110	0.0	1.0
NODE_1066_length_4261_cov_4.494532	0.0	1.0
NODE_581_length_3648_cov_8.794044	0.8981617952123443	0.10183820478765557
NODE_797_length_2532_cov_7.725474	0.8118782016546146	0.1881217983453865
NODE_411_length_10411_cov_40.479625	0.9375	0.0625
NODE_234_length_14417_cov_37.181381	0.7475220264317181	0.25247797356828194
NODE_353_length_5638_cov_9.194340	0.931779094256249	0.06822090574375078
NODE_81_length_6522_cov_9.763260	0.8118782016546146	0.1881217983453865
NODE_1340_length_4045_cov_20.261404	0.0	1.0
NODE_480_length_16803_cov_99.263016	0.0125	0.9875
NODE_598_length_6854_cov_9.988381	0.975	0.025
NODE_59_length_24933_cov_8.847938	0.9563463949500223	0.043653605049977645
NODE_420_length_8092_cov_8.250467	0.2201541850220264	0.7798458149779736
NODE_72_length_7180_cov_3.890667	0.8267460430643061	0.17325395693569484
NODE_2479_length_1074_cov_4.005888	0.8338669542239673	0.16613304577603344
NODE_414_length_5262_cov_3.088151	0.9426294027588167	0.05737059724118339
NODE_274_length_6768_cov_241.150305	0.8118782016546146	0.1881217983453865
NODE_1734_length_3262_cov_5.212660	0.8118782016546146	0.1881217983453865
NODE_491_length_7982_cov_27.348808	0.9989514536119699	0.0010485463880299235
NODE_6107_length_1279_cov_3.598856	0.8118782016546146	0.1881217983453865
NODE_888_length_3605_cov_9.453803	0.0	1.0
NODE_716_length_1459_cov_3.289174	0.8252202643171808	0.1747797356828194
NODE_902_length_7455_cov_6.920676	0.8118782016546146	0.1881217983453865
NODE_189_length_21480_cov_167.721820	0.0125	0.9875
NODE_277_length_17415_cov_84.582488	0.724694777917064	0.2753052220829365
NODE_880_length_9528_cov_672.428798	0.0375	0.9625
NODE_1727_length_2069_cov_4.505958	0.8118782016546146	0.1881217983453865
NODE_2591_length_2948_cov_11.896647	0.0	1.0
NODE_1268_length_4917_cov_20.181201	0.8118782016546146	0.1881217983453865
NODE_5801_length_1157_cov_3.646098	0.8118782016546146	0.1881217983453865
NODE_33_length_148803_cov_16.133501|provirus_110_29457	0.7404185022026434	0.2595814977973568
NODE_4171_length_1046_cov_3.464178	0.0125	0.9875
NODE_455_length_9365_cov_7.862406	0.6203570315071611	0.379642968492839
NODE_1260_length_2744_cov_11.166977	0.8118782016546146	0.1881217983453865
NODE_113_length_10944_cov_8.844155	0.0125	0.9875
NODE_2649_length_2878_cov_6.199433	0.8118782016546146	0.1881217983453865
NODE_1712_length_2968_cov_4.969791	0.8118782016546146	0.1881217983453865
NODE_4819_length_1553_cov_13.226969	0.8837115727024182	0.11628842729758218
NODE_502_length_9921_cov_9.503953	0.9503303964757709	0.049669603524229076
NODE_340_length_10477_cov_17.771925	0.0	1.0
NODE_518_length_4291_cov_13.228281	0.060022026431718056	0.939977973568282
NODE_423_length_12451_cov_8.742578	0.8118782016546146	0.1881217983453865
NODE_671_length_9312_cov_18.108783	0.8118782016546146	0.1881217983453865
NODE_216_length_49094_cov_18.408858	0.15	0.85
NODE_305_length_23555_cov_87.354170	0.975	0.025
NODE_13_length_40799_cov_15.355242	0.175	0.825
NODE_796_length_7723_cov_6.146583	0.8479625550660795	0.15203744493392077
NODE_1811_length_4326_cov_11.406696	0.0125	0.9875
NODE_331_length_5691_cov_9.424769	0.8118782016546146	0.1881217983453865
NODE_1117_length_5033_cov_7.042989	0.8118782016546146	0.1881217983453865
NODE_976_length_5283_cov_79.848317	0.8461605166393262	0.15383948336067438
NODE_1607_length_3696_cov_24.127712	0.8118782016546146	0.1881217983453865
NODE_461_length_8240_cov_11.483201	0.0125	0.9875
NODE_712_length_4458_cov_5.068135	0.8118782016546146	0.1881217983453865
NODE_998_length_3199_cov_3.878181	0.8118782016546146	0.1881217983453865
NODE_1299_length_4337_cov_85.098085	0.0	1.0
NODE_1934_length_1227_cov_3.994881	0.8118782016546146	0.1881217983453865
NODE_314_length_7969_cov_4.678292	0.9305066079295156	0.06949339207048459
NODE_808_length_6843_cov_29.495580	0.0	1.0
NODE_1950_length_3117_cov_12.812541	0.9987156186452293	0.0012843813547707623
NODE_2125_length_3601_cov_8.942188	0.0	1.0
NODE_1862_length_2657_cov_7.472713	0.0	1.0
NODE_784_length_6479_cov_5.934153	0.9900568676815045	0.009943132318495394
NODE_512_length_17379_cov_48.317017	0.0375	0.9625
NODE_368_length_3350_cov_6.287102	0.8118782016546146	0.1881217983453865
NODE_177_length_43590_cov_15.368715	0.15	0.85
NODE_1100_length_3241_cov_3.381984	0.8118782016546146	0.1881217983453865
NODE_56_length_26185_cov_36.992576	0.8701541850220267	0.1298458149779736
NODE_1168_length_2630_cov_10.932427	0.8118782016546146	0.1881217983453865
NODE_348_length_2572_cov_3.254271	0.931779094256249	0.06822090574375078
NODE_999_length_5046_cov_25.372470	0.0	1.0
NODE_504_length_8678_cov_23.069813	0.0	1.0
NODE_1067_length_1202_cov_2.431561	0.8118782016546146	0.1881217983453865
NODE_79_length_6809_cov_5.143471	0.85348116692789	0.1465188330721106
NODE_2004_length_1185_cov_2.319469	0.8118782016546146	0.1881217983453865
NODE_2416_length_2609_cov_7.559123	0.8118782016546146	0.1881217983453865
NODE_545_length_3550_cov_3.934478	0.9320112779837082	0.06798872201629169
NODE_126_length_18108_cov_304.913809	0.724694777917064	0.2753052220829365
NODE_1300_length_4422_cov_7.244104	0.8118782016546146	0.1881217983453865
NODE_793_length_3426_cov_10.309107	0.8118782016546146	0.1881217983453865
NODE_515_length_15976_cov_64.566108|provirus_96_3676	0.8118782016546146	0.1881217983453865
NODE_1822_length_4306_cov_6.684780	0.8118782016546146	0.1881217983453865
NODE_1152_length_2993_cov_5.899592	0.8118782016546146	0.1881217983453865
NODE_790_length_2543_cov_9.216640	0.8118782016546146	0.1881217983453865
NODE_902_length_5520_cov_8.255810	0.8118782016546146	0.1881217983453865
NODE_248_length_2813_cov_4.138144	1.0	0.0
NODE_2865_length_2657_cov_17.344350	0.8118782016546146	0.1881217983453865
NODE_570_length_4207_cov_5.436175	0.8118782016546146	0.1881217983453865
NODE_328_length_2684_cov_2.568277	0.8118782016546146	0.1881217983453865
NODE_245_length_3830_cov_69.211126	0.8118782016546146	0.1881217983453865
NODE_1072_length_4764_cov_12.172648	0.8118782016546146	0.1881217983453865
NODE_156_length_62050_cov_244.358481|provirus_1478_13348	0.0	1.0
NODE_106_length_96948_cov_59.874201|provirus_53627_96654	0.025	0.975
NODE_1801_length_2808_cov_5.873956	0.9987156186452293	0.0012843813547707623
NODE_1936_length_2977_cov_4.843258	0.8118782016546146	0.1881217983453865
NODE_1053_length_6542_cov_6.675505	0.8118782016546146	0.1881217983453865
NODE_4717_length_1198_cov_5.545932	0.8118782016546146	0.1881217983453865
NODE_366_length_26366_cov_7.678081|provirus_5747_26366	0.9625	0.0375
NODE_1194_length_3879_cov_4.682531	0.0375	0.9625
NODE_835_length_5286_cov_13.774995	0.9991368286445013	0.0008631713554987213
NODE_960_length_6782_cov_11.387840	0.0	1.0
NODE_536_length_3624_cov_406.142337	0.8118782016546146	0.1881217983453865
NODE_2203_length_1610_cov_20.437942	0.7729643451239226	0.22703565487607813
