feature	Gordonibacter urolithinfaciens-1335613	Bifidobacterium bifidum-1681	Bifidobacterium breve-1685	Bifidobacterium catenulatum-1686	Bifidobacterium longum-216816	Erysipelatoclostridium ramosum-1547	Erysipelotrichaceae bacterium I46-1834207	Streptococcus salivarius-1304	Streptococcus sp. FDAARGOS_192-1839799	Lactobacillus reuteri-1598	Lactobacillus johnsonii-33959	Enterococcus faecalis-1351	Enterococcus faecium-1352	Enterococcus gallinarum-1353	Enterococcus avium-33945	Enterococcus casseliflavus-37734	Enterococcus durans-53345	Enterococcus malodoratus-71451	Enterococcus gilvus-160453	Enterococcus viikkiensis-930854	Enterococcus sp. FDAARGOS_375-2060307	Enterococcus sp. FDAARGOS_553-2420313	Enterococcus sp. M190262-2582830	Laceyella sacchari-37482	Eubacterium limosum-1736	Clostridioides difficile-1496	Flavonifractor plautii-292800	Anaeromassilibacillus senegalensis-1673717	Neglecta timonensis-1776382	Anaerotruncus rubiinfantis-1720200	Hungatella hathewayi-154046	Clostridium butyricum-1492	Clostridium paraputrificum-29363	Tyzzerella nexilis-29361	Anaerostipes caccae-105841	Anaerostipes rhamnosivorans-1229621	[Ruminococcus] gnavus-33038	[Clostridium] symbiosum-1512	Lachnoclostridium sp. YL32-1834196	Proteus mirabilis-584	Shigella flexneri-623	Escherichia coli-562	Klebsiella oxytoca-571	Klebsiella pneumoniae-573	Bacteroides fragilis-817	Muribaculum intestinale-1796646	Duncaniella sp. B8-2576606
VIVO7-FEC-16S-JUN21_F27	NA	0.00167030707953231	0.0032121289991006	NA	NA	0.0206861107542079	NA	NA	NA	NA	NA	0.00359758447899268	0.00256970319928048	NA	0.0913529487344212	0.00359758447899268	NA	NA	0.00835153539766157	NA	NA	0.0167030707953231	0.0167030707953231	NA	0.0546061929847103	NA	NA	NA	0.0155467043556469	NA	NA	NA	0.00308364383913658	NA	0.00244121803931646	NA	0.41218039316459	NA	NA	NA	NA	0.0196582294744957	NA	NA	0.324039573429269	NA	NA
VIVO7-FEC-16S-JUL3_F27	NA	0.00670578373847443	NA	NA	NA	0.0134115674769489	NA	NA	NA	NA	NA	0.00502933780385583	0.00628667225481978	NA	0.105616093880972	0.00712489522212909	NA	NA	NA	NA	0.00502933780385583	0.0343671416596815	0.0343671416596815	NA	0.0347862531433361	NA	NA	NA	0.00922045264040235	NA	NA	NA	0.00838222967309304	NA	NA	NA	0.287091366303437	NA	NA	NA	NA	0.0318524727577536	NA	NA	0.410729253981559	NA	NA
VIVO7-FEC-16S-JUN10_F27	NA	NA	0.0428607659142785	0.011159015977682	0.00659396398681207	0.00710119198579762	NA	NA	NA	NA	NA	NA	0.00431143799137712	NA	0.0149632259700735	0.00532589398934821	NA	NA	0.0608673598782653	NA	NA	0.0157240679685519	0.0157240679685519	NA	0.0261222419477555	NA	NA	NA	NA	NA	NA	NA	NA	NA	NA	NA	0.0885112858229774	NA	NA	NA	NA	0.0243469439513061	NA	NA	0.676388536647223	NA	NA
VIVO7-FEC-16S-JUN28_M26	NA	0.00239278483342536	0.00184060371801951	NA	0.00257684520522731	0.0241119087060556	NA	NA	NA	NA	NA	NA	0.00386526780784097	NA	0.0767531750414136	0.00496963003865268	NA	NA	NA	NA	NA	0.0152770108595619	0.0152770108595619	NA	0.0484078777839131	NA	NA	NA	0.0130682863979385	NA	NA	NA	0.0115958034235229	NA	NA	NA	0.369225105834714	NA	NA	NA	NA	0.0447266703478741	NA	NA	0.365912019142279	NA	NA
VIVO7-FEC-16S-JUN18_M26	0.00151653017895056	0.00552016985138004	0.00503488019411586	NA	0.00157719138610858	0.0106157112526539	NA	NA	NA	NA	NA	0.00236578707916288	NA	0.00127388535031847	0.102032150439794	0.00103124052168638	NA	NA	0.00181983621474067	NA	NA	0.00734000606612072	0.00734000606612072	NA	0.0548377312708523	NA	NA	NA	0.0129208371246588	NA	NA	NA	0.0078252957233849	NA	0.0010919017288444	NA	0.323142250530786	NA	NA	NA	NA	0.0283287837427965	NA	NA	0.424385805277525	NA	NA
VIVO7-FEC-16S-JUN21_M26	0.00178434871271986	0.00280397654855978	0.00509813917919959	NA	0.00229416263063982	0.0257456028549579	NA	NA	NA	NA	0.00152944175375988	NA	0.0049706856997196	NA	0.0641091001784349	0.00165689523323987	NA	NA	0.00216670915115983	NA	NA	0.00790211572775937	0.00790211572775937	NA	0.0633443793015549	NA	NA	NA	0.0107060922763191	NA	NA	NA	0.00242161611011981	NA	NA	NA	0.2560540402753	NA	NA	NA	NA	0.0344124394595972	NA	NA	0.5050981391792	NA	NA
VIVO7-FEC-16S-JUN10_M26	NA	NA	0.0311563810665069	0.0104853205512283	0.00329538645895746	0.00299580587177951	NA	NA	NA	NA	NA	NA	0.00569203115638107	NA	0.018274415817855	NA	NA	NA	0.0431396045536249	NA	NA	0.0248651887357699	0.0248651887357699	NA	0.0470341521869383	NA	NA	NA	0.00928699820251648	NA	NA	NA	NA	NA	NA	NA	0.133313361294188	NA	NA	NA	NA	0.0170760934691432	NA	NA	0.628520071899341	NA	NA
VIVO7-FEC-16S-JUL3_M26	NA	NA	NA	NA	NA	0.0318021201413428	NA	NA	NA	NA	NA	NA	0.0121150933871782	NA	0.0696617869762746	NA	NA	NA	NA	NA	NA	0.0227158001009591	0.0227158001009591	NA	0.03886925795053	NA	NA	NA	0.01110550227158	NA	NA	NA	0.00656234225138819	NA	NA	NA	0.284704694598688	NA	NA	NA	NA	0.0252397778899546	NA	NA	0.474507824331146	NA	NA
VIVO7-FEC-16S-JUN28_F27	NA	0.00352243233222099	0.00333704115684093	NA	NA	0.0174267704857249	NA	NA	NA	NA	NA	NA	0.00278086763070078	NA	0.0546903967371153	0.00556173526140156	NA	NA	NA	NA	NA	0.0101965146459029	0.0101965146459029	NA	0.0385613644790508	NA	NA	NA	0.00982573229514275	NA	NA	NA	0.00611790878754171	NA	NA	NA	0.327215424545792	NA	NA	NA	NA	0.0265109380793474	NA	NA	0.484056358917316	NA	NA
VIVO7-FEC-16S-AUG2_M26	NA	0.0043298969072165	0.00536082474226804	NA	NA	0.0131958762886598	NA	NA	NA	NA	NA	0.00536082474226804	0.00494845360824742	NA	0.0748453608247423	0.00680412371134021	NA	NA	0.00412371134020619	NA	0.0022680412371134	0.0595876288659794	0.0595876288659794	NA	0.0564948453608247	NA	NA	NA	0.0125773195876289	NA	NA	NA	0.0129896907216495	NA	NA	NA	0.305567010309278	NA	NA	NA	NA	0.0218556701030928	NA	NA	0.350103092783505	NA	NA
VIVO7-FEC-16S-JUN18_F27	NA	0.00575783234546994	0.0137171888230313	NA	0.00220152413209145	0.0218458933107536	NA	NA	NA	NA	0.00203217612193057	0.00474174428450466	0.00508044030482642	NA	0.0755292125317528	0.00220152413209145	NA	NA	0.0101608806096528	NA	NA	0.00575783234546994	0.00677392040643522	NA	0.0582557154953429	NA	NA	NA	0.018458933107536	NA	NA	NA	0.0044030482641829	NA	NA	NA	0.298391193903472	NA	NA	NA	NA	0.0274343776460627	NA	NA	0.437256562235394	NA	NA
VIVO7-FEC-16S-JUL3_M25	0.00225763612217795	0.00677290836653386	0.0049136786188579	NA	0.00318725099601594	0.0184594953519256	NA	NA	NA	NA	NA	0.00278884462151394	0.00610889774236388	0.00172642762284197	0.0660026560424967	0.00690571049136786	NA	NA	0.00212483399734396	NA	0.00146082337317397	0.0284196547144754	0.0284196547144754	NA	0.0460823373173971	NA	NA	NA	0.0116865869853918	NA	NA	NA	0.0114209827357238	NA	NA	NA	0.264143426294821	NA	NA	NA	NA	0.0320053120849934	NA	NA	0.455112881806109	NA	NA
VIVO7-FEC-16S-JUN10_M25	NA	NA	0.0214307274373679	0.00301841231512225	0.00965891940839119	0.00845155448234229	NA	NA	NA	NA	NA	0.0036220947781467	0.00664050709326894	0.00392393600965892	0.0141865378810746	NA	NA	NA	0.0546332629037126	NA	NA	0.0507093268940537	0.0507093268940537	NA	0.0292785994566858	NA	NA	NA	NA	NA	NA	NA	NA	NA	NA	NA	0.0959855116208874	NA	NA	NA	NA	0.0329006942348325	NA	NA	0.614850588590401	NA	NA
VIVO7-FEC-16S-JUN28_F29	0.00243956531381681	0.00432468396540253	0.00243956531381681	NA	0.00188511865158572	0.022843202483921	NA	NA	NA	NA	0.00199600798403194	0.00144156132180084	0.0053226879574185	NA	0.0795076513639388	0.00377023730317144	NA	NA	0.00255045464626303	NA	NA	0.0218451984919051	0.0217343091594589	NA	0.046129962297627	NA	NA	0.00121978265690841	0.0119760479041916	NA	NA	NA	0.00876025726325128	NA	NA	NA	0.413949878021734	0.00121978265690841	NA	NA	NA	0.0262807717897538	NA	NA	0.318363273453094	NA	NA
VIVO7-FEC-16S-JUN18_F29	0.00225788242883638	0.00620917667930006	0.0145955971292638	0.00169341182162729	0.00612853802112733	0.0182243367470365	NA	NA	NA	NA	0.000887025239900008	0.00322554632690912	0.00451576485767277	NA	0.0359648415450367	0.00161277316345456	NA	NA	0.00919280703169099	NA	NA	0.00572534473026369	0.00572534473026369	NA	0.0493508588017095	NA	NA	0.00112894121441819	0.0112894121441819	NA	NA	NA	0.00379001693411822	NA	NA	NA	0.294734295621321	NA	NA	NA	NA	0.0218530763648093	NA	NA	0.501895008467059	NA	NA
VIVO7-FEC-16S-AUG2_F28	0.00160771704180064	0.00817256162915327	0.00455519828510182	NA	0.00133976420150054	0.0133976420150054	NA	NA	NA	NA	NA	0.00723472668810289	0.00643086816720257	NA	0.159699892818864	0.00442122186495177	NA	NA	0.00214362272240086	NA	0.0020096463022508	0.0338960342979636	0.0338960342979636	NA	0.04997320471597	NA	NA	NA	0.0103161843515541	NA	NA	NA	0.0112540192926045	NA	NA	NA	0.30091103965702	NA	NA	NA	NA	0.032556270096463	NA	NA	0.316184351554126	NA	NA
VIVO7-FEC-16S-JUN21_M25	NA	NA	0.00447713463383435	NA	NA	0.0214262871762072	NA	NA	NA	NA	NA	NA	0.00543652062679885	NA	0.125039974416374	NA	NA	NA	NA	NA	NA	0.0118324272465622	0.0118324272465622	NA	0.047649504317237	NA	NA	NA	0.00575631595778702	NA	NA	NA	NA	NA	NA	NA	0.303485769107771	NA	NA	NA	NA	0.0402942117045091	NA	NA	0.422769427566358	NA	NA
VIVO7-FEC-16S-AUG2_M25	0.00148911798396334	0.00813287514318442	0.00515463917525773	NA	0.00171821305841924	0.0130584192439863	NA	NA	NA	NA	0.00148911798396334	0.00641466208476518	0.00664375715922108	0.00458190148911798	0.0793814432989691	0.00927835051546392	NA	NA	0.00389461626575029	NA	NA	0.0745704467353952	0.0720504009163803	NA	0.0474226804123711	NA	NA	NA	0.00882016036655212	NA	NA	NA	0.0151202749140893	NA	NA	NA	0.239977090492554	NA	NA	NA	NA	0.0289805269186712	NA	NA	0.371821305841924	NA	NA
VIVO7-FEC-16S-JUN21_F28	NA	0.00372386135777714	0.00343741048410198	NA	0.00143225436837582	0.0121741621311945	NA	NA	NA	NA	NA	NA	NA	NA	0.0966771698653681	NA	NA	NA	0.00214838155256374	NA	NA	0.00988255514179318	0.00988255514179318	NA	0.0481237467774277	NA	NA	NA	0.0121741621311945	NA	NA	NA	0.00200515611572615	NA	0.00171870524205099	NA	0.336436551131481	NA	NA	NA	NA	0.0263534803781152	NA	NA	0.433829848181037	NA	NA
VIVO7-FEC-16S-JUL3_F28	NA	0.00874125874125874	0.00844988344988345	NA	NA	0.0215617715617716	NA	NA	NA	NA	NA	NA	0.00524475524475524	NA	0.0638111888111888	0.00582750582750583	NA	NA	0.0034965034965035	NA	NA	0.0166083916083916	0.0166083916083916	NA	0.0314685314685315	NA	NA	NA	0.00611888111888112	NA	NA	NA	0.00699300699300699	NA	NA	NA	0.236013986013986	NA	NA	NA	NA	0.0335081585081585	NA	NA	0.535547785547786	NA	NA
VIVO7-FEC-16S-JUN10_F28	NA	NA	0.0560492139439508	NA	NA	NA	NA	NA	NA	NA	NA	NA	NA	NA	0.0205058099794942	NA	NA	NA	0.0423786739576213	NA	NA	0.0136705399863295	0.0136705399863295	NA	0.024606971975393	NA	NA	NA	NA	NA	NA	NA	NA	NA	NA	NA	0.127136021872864	NA	NA	NA	NA	0.0252904989747095	NA	NA	0.676691729323308	NA	NA
VIVO7-FEC-16S-JUN28_F28	NA	0.00437521876093805	0.00227511375568778	NA	0.00210010500525026	0.0218760938046902	NA	NA	NA	NA	NA	0.00227511375568778	0.00770038501925096	0.00245012250612531	0.0871543577178859	0.00280014000700035	NA	NA	NA	NA	NA	0.0231011550577529	0.0231011550577529	NA	0.0470773538676934	NA	NA	NA	0.0147007350367518	NA	NA	NA	0.00700035001750087	NA	NA	NA	0.369618480924046	NA	NA	NA	NA	0.0255512775638782	NA	NA	0.356842842142107	NA	NA
VIVO7-FEC-16S-AUG2_F29	0.00375738056897477	0.00626230094829129	0.00411522633744856	NA	0.00268384326355341	0.011808910359635	NA	NA	NA	NA	NA	0.011808910359635	0.00823045267489712	0.00411522633744856	0.20218285918769	0.00715691536947576	NA	NA	0.00393630345321167	NA	NA	0.0500984075863303	0.0500984075863303	NA	0.0515297906602254	NA	NA	NA	0.0132402934335301	NA	NA	NA	0.00840937555913401	NA	NA	NA	0.302200751476114	NA	NA	NA	NA	0.0234388978350331	NA	NA	0.234925747003042	NA	NA
VIVO7-FEC-16S-JUN18_F28	NA	0.00218194024840551	0.00436388049681101	NA	0.00302114803625378	0.0080563947633434	NA	NA	NA	NA	NA	NA	0.00419603893924136	NA	0.168512923799933	NA	NA	NA	NA	NA	NA	0.0077207116482041	0.0077207116482041	NA	0.0607586438402148	NA	NA	NA	0.0144343739509903	NA	NA	NA	0.00436388049681101	NA	NA	NA	0.351124538435717	NA	NA	NA	NA	0.0263511245384357	NA	NA	0.337193689157435	NA	NA
VIVO7-FEC-16S-JUN21_F29	0.00178482895389192	0.00466038671294001	0.00951908775409023	NA	0.0044620723847298	0.0235002478929103	NA	NA	NA	NA	NA	0.00475954387704512	0.00485870104115022	NA	0.0644521566683193	0.00257808626673277	NA	NA	0.00614774417451661	NA	NA	0.0113039167079822	0.0113039167079822	NA	0.0687159147248389	NA	NA	NA	0.0168567178978681	NA	NA	NA	0.00287555775904809	NA	NA	NA	0.341794744670302	NA	NA	NA	NA	0.0235994050570154	NA	NA	0.396826970748637	NA	NA
VIVO7-FEC-16S-JUN18_M25	NA	0.00236406619385343	0.00236406619385343	NA	NA	0.0130023640661939	NA	NA	NA	0.00118203309692671	0.00118203309692671	0.00118203309692671	0.00591016548463357	NA	0.138297872340426	NA	0.00472813238770686	0.00118203309692671	0.00472813238770686	NA	NA	0.008274231678487	0.0106382978723404	0.00118203309692671	0.0614657210401891	NA	NA	NA	0.00472813238770686	NA	0.00236406619385343	NA	0.00118203309692671	NA	NA	NA	0.263593380614657	0.00118203309692671	0.00236406619385343	NA	0.00118203309692671	0.0354609929078014	NA	NA	0.429078014184397	NA	0.00118203309692671
VIVO7-FEC-16S-JUN28_M25	NA	0.00480934386808657	0.00171762281003092	0.00188938509103401	NA	0.0274819649604947	NA	NA	NA	NA	NA	NA	0.00326348333905874	NA	0.0716248711782893	0.00515286843009275	NA	NA	NA	NA	NA	0.0218138096873926	0.0218138096873926	NA	0.0513569220199244	NA	NA	NA	0.013053933356235	NA	NA	NA	0.00583991755410512	NA	NA	NA	0.373582961181725	NA	NA	NA	NA	0.0254208175884576	NA	NA	0.371178289247681	NA	NA
VIVO7-FEC-16S-JUN10_F29	NA	0.00656108597285068	0.0201357466063348	0.016289592760181	0.00701357466063348	0.01289592760181	NA	NA	NA	NA	NA	0.00407239819004525	0.00497737556561086	NA	0.00927601809954751	NA	NA	NA	0.0423076923076923	NA	NA	NA	0.0160633484162896	NA	0.030316742081448	NA	NA	NA	0.00542986425339366	NA	NA	NA	NA	NA	NA	NA	0.209276018099548	NA	NA	NA	NA	0.0205882352941176	NA	NA	0.594796380090498	NA	NA
VIVO7-FEC-16S-JUL3_F29	0.000915803331234617	0.00417835269875794	0.00475072978077958	NA	0.00223227061988438	0.00744090206628127	NA	NA	NA	NA	NA	0.00435006582336443	0.000915803331234617	0.00137370499685193	0.078014996279549	0.00280464770190602	NA	NA	0.00269017228550169	NA	0.00400663957415145	0.0273596245206342	0.0273596245206342	NA	0.036746608665789	NA	NA	0.00080132791483029	0.00858565623032454	NA	NA	NA	0.00578100852841852	NA	0.00183160666246923	NA	0.28492931143037	NA	NA	NA	NA	0.0299353213897316	NA	NA	0.462995821647301	NA	NA
