SampleName,sum_len
VIVO7_FEC_VLP_APR16_F11,"3,525,749"
VIVO7_FEC_VLP_APR16_F11,"3,737,777"
VIVO7_FEC_VLP_APR16_F2,"63,558,834"
VIVO7_FEC_VLP_APR16_F2,"66,712,166"
VIVO7_FEC_VLP_APR30_F2,"47,981,406"
VIVO7_FEC_VLP_APR30_F2,"50,846,060"
VIVO7_FEC_VLP_APR30_F5,"48,316,427"
VIVO7_FEC_VLP_APR30_F5,"51,732,453"
VIVO7_FEC_VLP_AUG2_F27,"70,009,570"
VIVO7_FEC_VLP_AUG2_F27,"71,830,195"
VIVO7_FEC_VLP_AUG2_F28,"50,327,790"
VIVO7_FEC_VLP_AUG2_F28,"51,759,177"
VIVO7_FEC_VLP_AUG2_F29,"217,385,915"
VIVO7_FEC_VLP_AUG2_F29,"227,570,736"
VIVO7_FEC_VLP_AUG2_M25,"69,569,697"
VIVO7_FEC_VLP_AUG2_M25,"70,893,581"
VIVO7_FEC_VLP_AUG2_M26,"26,552,739"
VIVO7_FEC_VLP_AUG2_M26,"27,066,000"
VIVO7_FEC_VLP_JUL19_F21,"27,951,149"
VIVO7_FEC_VLP_JUL19_F21,"28,531,545"
VIVO7_FEC_VLP_JUL19_F22,"145,634,545"
VIVO7_FEC_VLP_JUL19_F22,"158,882,782"
VIVO7_FEC_VLP_JUL19_F23,"416,720,176"
VIVO7_FEC_VLP_JUL19_F23,"430,493,193"
VIVO7_FEC_VLP_JUL19_F24,"161,150,651"
VIVO7_FEC_VLP_JUL19_F24,"166,343,158"
VIVO7_FEC_VLP_JUL19_M20,"48,621,747"
VIVO7_FEC_VLP_JUL19_M20,"52,522,710"
VIVO7_FEC_VLP_JUL3_F27,"79,791,464"
VIVO7_FEC_VLP_JUL3_F27,"86,193,969"
VIVO7_FEC_VLP_JUL3_F28,"33,535,202"
VIVO7_FEC_VLP_JUL3_F28,"34,610,529"
VIVO7_FEC_VLP_JUL3_F29,"121,467,685"
VIVO7_FEC_VLP_JUL3_F29,"123,912,018"
VIVO7_FEC_VLP_JUL3_M25,"41,116,235"
VIVO7_FEC_VLP_JUL3_M25,"42,072,816"
VIVO7_FEC_VLP_JUL3_M26,"74,361,606"
VIVO7_FEC_VLP_JUL3_M26,"80,634,222"
VIVO7_FEC_VLP_JUL4_F15,"73,354,471"
VIVO7_FEC_VLP_JUL4_F15,"78,760,699"
VIVO7_FEC_VLP_JUL4_F16,"145,774,425"
VIVO7_FEC_VLP_JUL4_F16,"154,864,449"
VIVO7_FEC_VLP_JUL4_F18,"65,833,086"
VIVO7_FEC_VLP_JUL4_F18,"70,722,600"
VIVO7_FEC_VLP_JUL4_F19,"54,067,865"
VIVO7_FEC_VLP_JUL4_F19,"55,915,390"
VIVO7_FEC_VLP_JUL4_M12,"65,399,442"
VIVO7_FEC_VLP_JUL4_M12,"70,233,200"
VIVO7_FEC_VLP_JUL4_M13,"30,587,517"
VIVO7_FEC_VLP_JUL4_M13,"32,820,951"
VIVO7_FEC_VLP_JUL4_M14,"83,019,465"
VIVO7_FEC_VLP_JUL4_M14,"89,953,693"
VIVO7_FEC_VLP_JUL4_M17,"55,109,482"
VIVO7_FEC_VLP_JUL4_M17,"59,242,658"
VIVO7_FEC_VLP_JUN10_F21,"58,743,860"
VIVO7_FEC_VLP_JUN10_F21,"61,722,239"
VIVO7_FEC_VLP_JUN10_F22,"33,012,318"
VIVO7_FEC_VLP_JUN10_F22,"34,765,245"
VIVO7_FEC_VLP_JUN10_F23,"56,530,391"
VIVO7_FEC_VLP_JUN10_F23,"58,254,911"
VIVO7_FEC_VLP_JUN10_F24,"93,404,362"
VIVO7_FEC_VLP_JUN10_F24,"98,686,461"
VIVO7_FEC_VLP_JUN10_F27,"166,330,516"
VIVO7_FEC_VLP_JUN10_F27,"176,296,232"
VIVO7_FEC_VLP_JUN10_F28,"78,195,279"
VIVO7_FEC_VLP_JUN10_F28,"83,767,753"
VIVO7_FEC_VLP_JUN10_F29,"125,459,248"
VIVO7_FEC_VLP_JUN10_F29,"136,299,324"
VIVO7_FEC_VLP_JUN10_M20,"84,566,327"
VIVO7_FEC_VLP_JUN10_M20,"86,829,486"
VIVO7_FEC_VLP_JUN10_M25,"110,142,341"
VIVO7_FEC_VLP_JUN10_M25,"117,639,714"
VIVO7_FEC_VLP_JUN10_M26,"159,363,143"
VIVO7_FEC_VLP_JUN10_M26,"170,771,539"
VIVO7_FEC_VLP_JUN11_F15,"79,834,504"
VIVO7_FEC_VLP_JUN11_F15,"85,842,648"
VIVO7_FEC_VLP_JUN11_F16,"49,044,163"
VIVO7_FEC_VLP_JUN11_F16,"52,856,596"
VIVO7_FEC_VLP_JUN11_F18,"123,435,008"
VIVO7_FEC_VLP_JUN11_F18,"132,262,733"
VIVO7_FEC_VLP_JUN11_F19,"38,477,393"
VIVO7_FEC_VLP_JUN11_F19,"39,988,129"
VIVO7_FEC_VLP_JUN11_M12,"158,763,171"
VIVO7_FEC_VLP_JUN11_M12,"172,452,661"
VIVO7_FEC_VLP_JUN11_M13,"237,264,701"
VIVO7_FEC_VLP_JUN11_M13,"250,370,373"
VIVO7_FEC_VLP_JUN11_M14,"109,736,729"
VIVO7_FEC_VLP_JUN11_M14,"117,617,947"
VIVO7_FEC_VLP_JUN11_M17,"91,440,713"
VIVO7_FEC_VLP_JUN11_M17,"94,347,674"
VIVO7_FEC_VLP_JUN14_F21,"128,824,969"
VIVO7_FEC_VLP_JUN14_F21,"137,133,123"
VIVO7_FEC_VLP_JUN14_F22,"67,708,768"
VIVO7_FEC_VLP_JUN14_F22,"70,559,510"
VIVO7_FEC_VLP_JUN14_F23,"221,031,904"
VIVO7_FEC_VLP_JUN14_F23,"232,876,921"
VIVO7_FEC_VLP_JUN14_F24,"84,198,982"
VIVO7_FEC_VLP_JUN14_F24,"89,054,073"
VIVO7_FEC_VLP_JUN14_M20,"139,607,763"
VIVO7_FEC_VLP_JUN14_M20,"147,157,046"
VIVO7_FEC_VLP_JUN18_F27,"127,432,237"
VIVO7_FEC_VLP_JUN18_F27,"136,469,080"
VIVO7_FEC_VLP_JUN18_F29,"85,558,847"
VIVO7_FEC_VLP_JUN18_F29,"92,807,255"
VIVO7_FEC_VLP_JUN18_F8,"106,003,394"
VIVO7_FEC_VLP_JUN18_F8,"115,567,709"
VIVO7_FEC_VLP_JUN18_M25,"143,369,920"
VIVO7_FEC_VLP_JUN18_M25,"152,743,206"
VIVO7_FEC_VLP_JUN18_M26,"228,189,308"
VIVO7_FEC_VLP_JUN18_M26,"243,249,444"
VIVO7_FEC_VLP_JUN21_F21,"293,001,372"
VIVO7_FEC_VLP_JUN21_F21,"311,699,324"
VIVO7_FEC_VLP_JUN21_F22,"40,695,600"
VIVO7_FEC_VLP_JUN21_F22,"41,681,572"
VIVO7_FEC_VLP_JUN21_F23,"675,803,059"
VIVO7_FEC_VLP_JUN21_F23,"711,069,677"
VIVO7_FEC_VLP_JUN21_F24,"406,651,277"
VIVO7_FEC_VLP_JUN21_F24,"429,437,025"
VIVO7_FEC_VLP_JUN21_F27,"64,945,581"
VIVO7_FEC_VLP_JUN21_F27,"66,508,612"
VIVO7_FEC_VLP_JUN21_F28,"99,797,855"
VIVO7_FEC_VLP_JUN21_F28,"103,421,838"
VIVO7_FEC_VLP_JUN21_F29,"119,890,140"
VIVO7_FEC_VLP_JUN21_F29,"124,062,706"
VIVO7_FEC_VLP_JUN21_M20,"162,284,877"
VIVO7_FEC_VLP_JUN21_M20,"168,966,372"
VIVO7_FEC_VLP_JUN21_M25,"122,345,845"
VIVO7_FEC_VLP_JUN21_M25,"126,486,340"
VIVO7_FEC_VLP_JUN21_M26,"43,533,182"
VIVO7_FEC_VLP_JUN21_M26,"44,559,334"
VIVO7_FEC_VLP_JUN25_F21,"122,552,104"
VIVO7_FEC_VLP_JUN25_F21,"129,946,809"
VIVO7_FEC_VLP_JUN25_F22,"70,691,282"
VIVO7_FEC_VLP_JUN25_F22,"76,488,100"
VIVO7_FEC_VLP_JUN25_F23,"69,375,931"
VIVO7_FEC_VLP_JUN25_F23,"74,175,675"
VIVO7_FEC_VLP_JUN25_M20,"105,898,553"
VIVO7_FEC_VLP_JUN25_M20,"114,084,655"
VIVO7_FEC_VLP_JUN28_F27,"99,481,976"
VIVO7_FEC_VLP_JUN28_F27,"103,859,162"
VIVO7_FEC_VLP_JUN28_F28,"211,120,234"
VIVO7_FEC_VLP_JUN28_F28,"220,259,771"
VIVO7_FEC_VLP_JUN28_F29,"149,177,280"
VIVO7_FEC_VLP_JUN28_F29,"155,544,475"
VIVO7_FEC_VLP_JUN28_M25,"218,963,465"
VIVO7_FEC_VLP_JUN28_M25,"227,673,495"
VIVO7_FEC_VLP_JUN28_M26,"61,080,279"
VIVO7_FEC_VLP_JUN28_M26,"62,759,706"
VIVO7_FEC_VLP_JUN7_F15,"242,059,461"
VIVO7_FEC_VLP_JUN7_F15,"257,487,919"
VIVO7_FEC_VLP_JUN7_F16,"54,696,110"
VIVO7_FEC_VLP_JUN7_F16,"58,232,220"
VIVO7_FEC_VLP_JUN7_F18,"35,046,695"
VIVO7_FEC_VLP_JUN7_F18,"37,080,954"
VIVO7_FEC_VLP_JUN7_F19,"132,658,380"
VIVO7_FEC_VLP_JUN7_F19,"137,261,309"
VIVO7_FEC_VLP_JUN7_M12,"78,806,416"
VIVO7_FEC_VLP_JUN7_M12,"84,584,400"
VIVO7_FEC_VLP_JUN7_M13,"161,683,005"
VIVO7_FEC_VLP_JUN7_M13,"171,082,080"
VIVO7_FEC_VLP_JUN7_M14,"36,574,721"
VIVO7_FEC_VLP_JUN7_M14,"39,200,671"
VIVO7_FEC_VLP_JUN7_M17,"83,240,114"
VIVO7_FEC_VLP_JUN7_M17,"88,585,087"
VIVO7_FEC_VLP_MAY13_F8,"100,923,304"
VIVO7_FEC_VLP_MAY13_F8,"108,330,196"
VIVO7_FEC_VLP_MAY13_POOL_F2,"44,665,267"
VIVO7_FEC_VLP_MAY13_POOL_F2,"46,725,001"
VIVO7_FEC_VLP_MAY16_F16,"12,704,356"
VIVO7_FEC_VLP_MAY16_F16,"13,655,182"
VIVO7_FEC_VLP_MAY16_F5,"174,964,604"
VIVO7_FEC_VLP_MAY16_F5,"187,697,454"
VIVO7_FEC_VLP_MAY16_M12,"2,428,429"
VIVO7_FEC_VLP_MAY16_M12,"2,600,911"
VIVO7_FEC_VLP_MAY17_F18,"81,343,156"
VIVO7_FEC_VLP_MAY17_F18,"86,156,328"
VIVO7_FEC_VLP_MAY17_F19,"428,749,515"
VIVO7_FEC_VLP_MAY17_F19,"454,993,072"
VIVO7_FEC_VLP_MAY17_M17,"1,306,244,500"
VIVO7_FEC_VLP_MAY17_M17,"1,403,759,775"
VIVO7_FEC_VLP_MAY27_F11,"164,050,263"
VIVO7_FEC_VLP_MAY27_F11,"176,877,455"
VIVO7_FEC_VLP_MAY27_F15,"101,669,202"
VIVO7_FEC_VLP_MAY27_F15,"108,432,998"
VIVO7_FEC_VLP_MAY27_F16,"87,496,864"
VIVO7_FEC_VLP_MAY27_F16,"92,665,115"
VIVO7_FEC_VLP_MAY27_F18,"126,786,068"
VIVO7_FEC_VLP_MAY27_F18,"135,603,246"
VIVO7_FEC_VLP_MAY27_F19,"55,337,929"
VIVO7_FEC_VLP_MAY27_F19,"58,609,167"
VIVO7_FEC_VLP_MAY27_F2,"121,031,430"
VIVO7_FEC_VLP_MAY27_F2,"130,823,521"
VIVO7_FEC_VLP_MAY27_F8,"123,204,487"
VIVO7_FEC_VLP_MAY27_F8,"130,391,403"
VIVO7_FEC_VLP_MAY27_M12,"88,418,748"
VIVO7_FEC_VLP_MAY27_M12,"94,170,700"
VIVO7_FEC_VLP_MAY27_M13,"47,560,008"
VIVO7_FEC_VLP_MAY27_M13,"51,195,201"
VIVO7_FEC_VLP_MAY27_M14,"50,937,916"
VIVO7_FEC_VLP_MAY27_M14,"53,770,191"
VIVO7_FEC_VLP_MAY27_M17,"150,149,172"
VIVO7_FEC_VLP_MAY27_M17,"159,762,895"
VIVO7_FEC_VLP_MAY29_F21,"59,659,028"
VIVO7_FEC_VLP_MAY29_F21,"63,430,570"
VIVO7_FEC_VLP_MAY29_F22,"81,785,701"
VIVO7_FEC_VLP_MAY29_F22,"89,616,876"
VIVO7_FEC_VLP_MAY29_F23,"132,825,976"
VIVO7_FEC_VLP_MAY29_F23,"143,850,918"
VIVO7_FEC_VLP_MAY29_F24,"122,796,302"
VIVO7_FEC_VLP_MAY29_F24,"132,554,561"
VIVO7_FEC_VLP_MAY29_M20,"195,838,589"
VIVO7_FEC_VLP_MAY29_M20,"208,108,772"
VIVO7_FEC_VLP_MAY2_F11,"247,422,962"
VIVO7_FEC_VLP_MAY2_F11,"263,887,744"
VIVO7_FEC_VLP_MAY30_F19,"32,078,560"
VIVO7_FEC_VLP_MAY30_F19,"33,582,116"
VIVO7_FEC_VLP_MAY30_M12,"109,115,374"
VIVO7_FEC_VLP_MAY30_M12,"117,153,692"
VIVO7_FEC_VLP_MAY30_M13,"82,832,544"
VIVO7_FEC_VLP_MAY30_M13,"89,394,934"
VIVO7_FEC_VLP_MAY30_M14,"47,969,289"
VIVO7_FEC_VLP_MAY30_M14,"51,490,994"
VIVO7_FEC_VLP_MAY30_M17,"41,469,005"
VIVO7_FEC_VLP_MAY30_M17,"43,657,858"
VIVO7-DONOR1,"976,626,603"
VIVO7-DONOR2,"608,695,966"