SampleName,Batch,GermFree,SampleType,Group,AnimalID,DonorID,MouseSex,DonorHealthStatus,Dam,SampleShortName,PostnatalDay,DaysSinceWeaning,DaysSinceFMT
VIVO6-16S-DONOR1,3,N,Donor,3,DONOR1,1,,H,,D1-INOCULUM,,,
VIVO6-16S-DONOR2,3,N,Donor,3,DONOR2,2,,H,,D2-INOCULUM,,,
VIVO6-16S-DONOR3,3,N,Donor,3,DONOR3,3,,S,,D3-INOCULUM,,,
VIVO6-16S-DONOR4,3,N,Donor,3,DONOR4,4,,S,,D4-INOCULUM,,,
VIVO6-FEC-16S-APR26_F11,1,N,Breeder,2,VIVO6-F11,4,F,S,,F11-FMT+14,,,14
VIVO6-FEC-16S-MAY18_F11,1,N,Breeder,2,VIVO6-F11,4,F,S,,F11-POSTNATAL,,,36
VIVO6-FEC-16S-APR10_F11,1,Y,Breeder,2,VIVO6-F11,4,F,S,,F11-GF,,,-2
VIVO6-FEC-16S-MAY5_F11,1,N,Breeder,2,VIVO6-F11,4,F,S,,F11-PRENATAL,,,23
VIVO6-FEC-16S-JUN13_F11,1,N,Breeder,2,VIVO6-F11,4,F,S,,F11-WEAN,,,62
VIVO6-FEC-16S-APR26_F12,1,N,Breeder,2,VIVO6-F12,4,F,S,,F12-FMT+14,,,14
VIVO6-FEC-16S-MAY19_F12,1,N,Breeder,2,VIVO6-F12,4,F,S,,F12-POSTNATAL,,,37
VIVO6-FEC-16S-APR10_F12,1,Y,Breeder,2,VIVO6-F12,4,F,S,,F12-GF,,,-2
VIVO6-FEC-16S-MAY5_F12,1,N,Breeder,2,VIVO6-F12,4,F,S,,F12-PRENATAL,,,23
VIVO6-FEC-16S-JUN14_F12,1,N,Breeder,2,VIVO6-F12,4,F,S,,F12-WEAN,,,63
VIVO6-FEC-16S-APR26_F14,1,N,Breeder,3,VIVO6-F14,1,F,H,,F14-FMT+14,,,14
VIVO6-FEC-16S-MAY19_F14,1,N,Breeder,3,VIVO6-F14,1,F,H,,F14-POSTNATAL,,,37
VIVO6-FEC-16S-APR10_F14,1,Y,Breeder,3,VIVO6-F14,1,F,H,,F14-GF,,,-2
VIVO6-FEC-16S-MAY5_F14,1,N,Breeder,3,VIVO6-F14,1,F,H,,F14-PRENATAL,,,23
VIVO6-FEC-16S-JUN9_F14,1,N,Breeder,3,VIVO6-F14,1,F,H,,F14-WEAN,,,58
VIVO6-FEC-16S-APR26_F15,1,N,Breeder,3,VIVO6-F15,1,F,H,,F15-FMT+14,,,14
VIVO6-FEC-16S-MAY25_F15,1,N,Breeder,3,VIVO6-F15,1,F,H,,F15-POSTNATAL,,,43
VIVO6-FEC-16S-APR10_F15,1,Y,Breeder,3,VIVO6-F15,1,F,H,,F15-GF,,,-2
VIVO6-FEC-16S-MAY12_F15,1,N,Breeder,3,VIVO6-F15,1,F,H,,F15-PRENATAL,,,30
VIVO6-FEC-16S-JUN21_F15,1,N,Breeder,3,VIVO6-F15,1,F,H,,F15-WEAN,,,70
VIVO6-FEC-16S-APR26_F17,1,N,Breeder,3,VIVO6-F17,2,F,H,,F17-FMT+14,,,14
VIVO6-FEC-16S-MAY17_F17,1,N,Breeder,3,VIVO6-F17,2,F,H,,F17-POSTNATAL,,,35
VIVO6-FEC-16S-APR10_F17,1,Y,Breeder,3,VIVO6-F17,2,F,H,,F17-GF,,,-2
VIVO6-FEC-16S-MAY3_F17,1,N,Breeder,3,VIVO6-F17,2,F,H,,F17-PRENATAL,,,21
VIVO6-FEC-16S-JUN7_F17,1,N,Breeder,3,VIVO6-F17,2,F,H,,F17-WEAN,,,56
VIVO6-FEC-16S-APR26_F2,1,N,Breeder,1,VIVO6-F2,1,F,H,,F2-FMT+14,,,14
VIVO6-FEC-16S-MAY19_F2,1,N,Breeder,1,VIVO6-F2,1,F,H,,F2-POSTNATAL,,,37
VIVO6-FEC-16S-APR10_F2,1,Y,Breeder,1,VIVO6-F2,1,F,H,,F2-GF,,,-2
VIVO6-FEC-16S-MAY5_F2,1,N,Breeder,1,VIVO6-F2,1,F,H,,F2-PRENATAL,,,23
VIVO6-FEC-16S-JUN5_F2,1,N,Breeder,1,VIVO6-F2,1,F,H,,F2-WEAN,,,54
VIVO6-FEC-16S-JUN2_F23,2,N,Pup,1,VIVO6-F23,1,F,H,VIVO6-F2,F23-P21,21,-6,
VIVO6-FEC-16S-JUN8_F23,2,N,Pup,1,VIVO6-F23,1,F,H,VIVO6-F2,F23-P27,27,0,
VIVO6-FEC-16S-JUN13_F23,2,N,Pup,1,VIVO6-F23,1,F,H,VIVO6-F2,F23-P32,32,5,
VIVO6-FEC-16S-JUN19_F23,2,N,Pup,1,VIVO6-F23,1,F,H,VIVO6-F2,F23-P38,38,11,
VIVO6-FEC-16S-JUN2_F24,2,N,Pup,1,VIVO6-F24,1,F,H,VIVO6-F2,F24-P21,21,-6,
VIVO6-FEC-16S-JUN8_F24,2,N,Pup,1,VIVO6-F24,1,F,H,VIVO6-F2,F24-P27,27,0,
VIVO6-FEC-16S-JUN13_F24,2,N,Pup,1,VIVO6-F24,1,F,H,VIVO6-F2,F24-P32,32,5,
VIVO6-FEC-16S-JUN19_F24,2,N,Pup,1,VIVO6-F24,1,F,H,VIVO6-F2,F24-P38,38,11,
VIVO6-FEC-16S-JUN2_F25,2,N,Pup,1,VIVO6-F25,1,F,H,VIVO6-F2,F25-P21,21,-6,
VIVO6-FEC-16S-JUN8_F25,2,N,Pup,1,VIVO6-F25,1,F,H,VIVO6-F2,F25-P27,27,0,
VIVO6-FEC-16S-JUN13_F25,2,N,Pup,1,VIVO6-F25,1,F,H,VIVO6-F2,F25-P32,32,5,
VIVO6-FEC-16S-JUN19_F25,2,N,Pup,1,VIVO6-F25,1,F,H,VIVO6-F2,F25-P38,38,11,
VIVO6-FEC-16S-JUN2_F26,2,N,Pup,1,VIVO6-F26,1,F,H,VIVO6-F3,F26-P21,21,-3,
VIVO6-FEC-16S-JUN5_F26,2,N,Pup,1,VIVO6-F26,1,F,H,VIVO6-F3,F26-P24,24,0,
VIVO6-FEC-16S-JUN8_F26,2,N,Pup,1,VIVO6-F26,1,F,H,VIVO6-F3,F26-P27,27,3,
VIVO6-FEC-16S-JUN19_F26,2,N,Pup,1,VIVO6-F26,1,F,H,VIVO6-F3,F26-P38,38,14,
VIVO6-FEC-16S-JUN2_F27,2,N,Pup,1,VIVO6-F27,1,F,H,VIVO6-F3,F27-P21,21,-3,
VIVO6-FEC-16S-JUN5_F27,2,N,Pup,1,VIVO6-F27,1,F,H,VIVO6-F3,F27-P24,24,0,
VIVO6-FEC-16S-JUN19_F27,2,N,Pup,1,VIVO6-F27,1,F,H,VIVO6-F3,F27-P38,38,14,
VIVO6-FEC-16S-JUN2_F28,2,N,Pup,1,VIVO6-F28,1,F,H,VIVO6-F3,F28-P21,21,-3,
VIVO6-FEC-16S-JUN5_F28,2,N,Pup,1,VIVO6-F28,1,F,H,VIVO6-F3,F28-P24,24,0,
VIVO6-FEC-16S-JUN8_F28,2,N,Pup,1,VIVO6-F28,1,F,H,VIVO6-F3,F28-P27,27,3,
VIVO6-FEC-16S-JUN19_F28,2,N,Pup,1,VIVO6-F28,1,F,H,VIVO6-F3,F28-P38,38,14,
VIVO6-FEC-16S-APR26_F3,1,N,Breeder,1,VIVO6-F3,1,F,H,,F3-FMT+14,,,14
VIVO6-FEC-16S-MAY19_F3,1,N,Breeder,1,VIVO6-F3,1,F,H,,F3-POSTNATAL,,,37
VIVO6-FEC-16S-APR10_F3,1,Y,Breeder,1,VIVO6-F3,1,F,H,,F3-GF,,,-2
VIVO6-FEC-16S-MAY5_F3,1,N,Breeder,1,VIVO6-F3,1,F,H,,F3-PRENATAL,,,23
VIVO6-FEC-16S-JUN2_F3,1,N,Breeder,1,VIVO6-F3,1,F,H,,F3-WEAN,,,51
VIVO6-FEC-16S-JUN5_F30,2,N,Pup,2,VIVO6-F30,3,F,S,VIVO6-F8,F30-P23,23,-10,
VIVO6-FEC-16S-JUN15_F30,3,N,Pup,2,VIVO6-F30,3,F,S,VIVO6-F8,F30-P33,33,0,
VIVO6-FEC-16S-JUN21_F30,3,N,Pup,2,VIVO6-F30,3,F,S,VIVO6-F8,F30-P39,39,6,
VIVO6-FEC-16S-JUN5_F31,2,N,Pup,2,VIVO6-F31,3,F,S,VIVO6-F8,F31-P23,23,-10,
VIVO6-FEC-16S-JUN15_F31,3,N,Pup,2,VIVO6-F31,3,F,S,VIVO6-F8,F31-P33,33,0,
VIVO6-FEC-16S-JUN21_F31,3,N,Pup,2,VIVO6-F31,3,F,S,VIVO6-F8,F31-P39,39,6,
VIVO6-FEC-16S-JUN5_F33,2,N,Pup,2,VIVO6-F33,3,F,S,VIVO6-F9,F33-P27,27,-10,
VIVO6-FEC-16S-JUN15_F33,3,N,Pup,2,VIVO6-F33,3,F,S,VIVO6-F9,F33-P37,37,0,
VIVO6-FEC-16S-JUN21_F33,3,N,Pup,2,VIVO6-F33,3,F,S,VIVO6-F9,F33-P43,43,6,
VIVO6-FEC-16S-JUN5_F34,2,N,Pup,2,VIVO6-F34,3,F,S,VIVO6-F9,F34-P27,27,-10,
VIVO6-FEC-16S-JUN15_F34,3,N,Pup,2,VIVO6-F34,3,F,S,VIVO6-F9,F34-P37,37,0,
VIVO6-FEC-16S-JUN21_F34,3,N,Pup,2,VIVO6-F34,3,F,S,VIVO6-F9,F34-P43,43,6,
VIVO6-FEC-16S-JUN7_F38,2,N,Pup,2,VIVO6-F38,4,F,S,VIVO6-F11,F38-P27,27,-6,
VIVO6-FEC-16S-JUN13_F38,3,N,Pup,2,VIVO6-F38,4,F,S,VIVO6-F11,F38-P33,33,0,
VIVO6-FEC-16S-JUN15_F38,3,N,Pup,2,VIVO6-F38,4,F,S,VIVO6-F11,F38-P35,35,2,
VIVO6-FEC-16S-JUN19_F38,3,N,Pup,2,VIVO6-F38,4,F,S,VIVO6-F11,F38-P39,39,6,
VIVO6-FEC-16S-JUN7_F41,2,N,Pup,2,VIVO6-F41,4,F,S,VIVO6-F12,F41-P26,26,-9,
VIVO6-FEC-16S-JUN16_F41,3,N,Pup,2,VIVO6-F41,4,F,S,VIVO6-F12,F41-P35,35,0,
VIVO6-FEC-16S-JUN19_F41,3,N,Pup,2,VIVO6-F41,4,F,S,VIVO6-F12,F41-P38,38,3,
VIVO6-FEC-16S-JUN9_F45,3,N,Pup,3,VIVO6-F45,1,F,H,VIVO6-F15,F45-P22,22,-12,
VIVO6-FEC-16S-JUN21_F45,3,N,Pup,3,VIVO6-F45,1,F,H,VIVO6-F15,F45-P34,34,0,
VIVO6-FEC-16S-JUN28_F45,3,N,Pup,3,VIVO6-F45,1,F,H,VIVO6-F15,F45-P41,41,7,
VIVO6-FEC-16S-JUN9_F46,3,N,Pup,3,VIVO6-F46,1,F,H,VIVO6-F15,F46-P22,22,-12,
VIVO6-FEC-16S-JUN21_F46,3,N,Pup,3,VIVO6-F46,1,F,H,VIVO6-F15,F46-P34,34,0,
VIVO6-FEC-16S-JUN28_F46,3,N,Pup,3,VIVO6-F46,1,F,H,VIVO6-F15,F46-P41,41,7,
VIVO6-FEC-16S-JUN1_F48,3,N,Pup,3,VIVO6-F48,2,F,H,VIVO6-F17,F48-P22,22,-8,
VIVO6-FEC-16S-JUN9_F48,3,N,Pup,3,VIVO6-F48,2,F,H,VIVO6-F17,F48-P30,30,0,
VIVO6-FEC-16S-JUN14_F48,3,N,Pup,3,VIVO6-F48,2,F,H,VIVO6-F17,F48-P35,35,5,
VIVO6-FEC-16S-JUN21_F48,3,N,Pup,3,VIVO6-F48,2,F,H,VIVO6-F17,F48-P42,42,2,
VIVO6-FEC-16S-JUN1_F49,3,N,Pup,3,VIVO6-F49,2,F,H,VIVO6-F17,F49-P22,22,-8,
VIVO6-FEC-16S-JUN9_F49,3,N,Pup,3,VIVO6-F49,2,F,H,VIVO6-F17,F49-P30,30,0,
VIVO6-FEC-16S-JUN14_F49,3,N,Pup,3,VIVO6-F49,2,F,H,VIVO6-F17,F49-P35,35,5,
VIVO6-FEC-16S-JUN21_F49,3,N,Pup,3,VIVO6-F49,2,F,H,VIVO6-F17,F49-P42,42,2,
VIVO6-FEC-16S-JUN1_F50,3,N,Pup,3,VIVO6-F50,2,F,H,VIVO6-F17,F50-P22,22,-8,
VIVO6-FEC-16S-JUN14_F50,3,N,Pup,3,VIVO6-F50,2,F,H,VIVO6-F17,F50-P35,35,5,
VIVO6-FEC-16S-APR26_F8,1,N,Breeder,2,VIVO6-F8,3,F,S,,F8-FMT+14,,,14
VIVO6-FEC-16S-MAY19_F8,1,N,Breeder,2,VIVO6-F8,3,F,S,,F8-POSTNATAL,,,37
VIVO6-FEC-16S-APR10_F8,1,Y,Breeder,2,VIVO6-F8,3,F,S,,F8-GF,,,-2
VIVO6-FEC-16S-MAY5_F8,1,N,Breeder,2,VIVO6-F8,3,F,S,,F8-PRENATAL,,,23
VIVO6-FEC-16S-JUN13_F8,1,N,Breeder,2,VIVO6-F8,3,F,S,,F8-WEAN,,,62
VIVO6-FEC-16S-APR26_F9,1,N,Breeder,2,VIVO6-F9,3,F,S,,F9-FMT+14,,,14
VIVO6-FEC-16S-MAY16_F9,1,N,Breeder,2,VIVO6-F9,3,F,S,,F9-POSTNATAL,,,34
VIVO6-FEC-16S-APR10_F9,1,Y,Breeder,2,VIVO6-F9,3,F,S,,F9-GF,,,-2
VIVO6-FEC-16S-MAY3_F9,1,N,Breeder,2,VIVO6-F9,3,F,S,,F9-PRENATAL,,,21
VIVO6-FEC-16S-JUN13_F9,1,N,Breeder,2,VIVO6-F9,3,F,S,,F9-WEAN,,,62
VIVO6-FEC-16S-JUN2_M19,2,N,Pup,1,VIVO6-M19,1,M,H,VIVO6-F2,M19-P21,21,-6,
VIVO6-FEC-16S-JUN13_M19,2,N,Pup,1,VIVO6-M19,1,M,H,VIVO6-F2,M19-P32,32,5,
VIVO6-FEC-16S-JUN19_M19,2,N,Pup,1,VIVO6-M19,1,M,H,VIVO6-F2,M19-P38,38,11,
VIVO6-FEC-16S-JUN2_M20,2,N,Pup,1,VIVO6-M20,1,M,H,VIVO6-F2,M20-P21,21,-6,
VIVO6-FEC-16S-JUN13_M20,2,N,Pup,1,VIVO6-M20,1,M,H,VIVO6-F2,M20-P32,32,5,
VIVO6-FEC-16S-JUN19_M20,2,N,Pup,1,VIVO6-M20,1,M,H,VIVO6-F2,M20-P38,38,11,
VIVO6-FEC-16S-JUN2_M21,2,N,Pup,1,VIVO6-M21,1,M,H,VIVO6-F2,M21-P21,21,-6,
VIVO6-FEC-16S-JUN13_M21,2,N,Pup,1,VIVO6-M21,1,M,H,VIVO6-F2,M21-P32,32,5,
VIVO6-FEC-16S-JUN19_M21,2,N,Pup,1,VIVO6-M21,1,M,H,VIVO6-F2,M21-P38,38,11,
VIVO6-FEC-16S-JUN2_M22,2,N,Pup,1,VIVO6-M22,1,M,H,VIVO6-F2,M22-P21,21,-6,
VIVO6-FEC-16S-JUN8_M22,2,N,Pup,1,VIVO6-M22,1,M,H,VIVO6-F2,M22-P27,27,0,
VIVO6-FEC-16S-JUN13_M22,2,N,Pup,1,VIVO6-M22,1,M,H,VIVO6-F2,M22-P32,32,5,
VIVO6-FEC-16S-JUN19_M22,2,N,Pup,1,VIVO6-M22,1,M,H,VIVO6-F2,M22-P38,38,11,
VIVO6-FEC-16S-JUN5_M29,2,N,Pup,2,VIVO6-M29,3,M,S,VIVO6-F8,M29-P23,23,-10,
VIVO6-FEC-16S-JUN15_M29,3,N,Pup,2,VIVO6-M29,3,M,S,VIVO6-F8,M29-P33,33,0,
VIVO6-FEC-16S-JUN21_M29,3,N,Pup,2,VIVO6-M29,3,M,S,VIVO6-F8,M29-P39,39,6,
VIVO6-FEC-16S-JUN5_M32,2,N,Pup,2,VIVO6-M32,3,M,S,VIVO6-F9,M32-P27,27,-10,
VIVO6-FEC-16S-JUN15_M32,3,N,Pup,2,VIVO6-M32,3,M,S,VIVO6-F9,M32-P37,37,0,
VIVO6-FEC-16S-JUN21_M32,3,N,Pup,2,VIVO6-M32,3,M,S,VIVO6-F9,M32-P43,43,6,
VIVO6-FEC-16S-JUN7_M36,2,N,Pup,2,VIVO6-M36,4,M,S,VIVO6-F11,M36-P27,27,-6,
VIVO6-FEC-16S-JUN13_M36,3,N,Pup,2,VIVO6-M36,4,M,S,VIVO6-F11,M36-P33,33,0,
VIVO6-FEC-16S-JUN15_M36,3,N,Pup,2,VIVO6-M36,4,M,S,VIVO6-F11,M36-P35,35,2,
VIVO6-FEC-16S-JUN19_M36,3,N,Pup,2,VIVO6-M36,4,M,S,VIVO6-F11,M36-P39,39,6,
VIVO6-FEC-16S-JUN7_M37,2,N,Pup,2,VIVO6-M37,4,M,S,VIVO6-F11,M37-P27,27,-6,
VIVO6-FEC-16S-JUN13_M37,3,N,Pup,2,VIVO6-M37,4,M,S,VIVO6-F11,M37-P33,33,0,
VIVO6-FEC-16S-JUN15_M37,3,N,Pup,2,VIVO6-M37,4,M,S,VIVO6-F11,M37-P35,35,2,
VIVO6-FEC-16S-JUN19_M37,3,N,Pup,2,VIVO6-M37,4,M,S,VIVO6-F11,M37-P39,39,6,
VIVO6-FEC-16S-JUN7_M39,2,N,Pup,2,VIVO6-M39,4,M,S,VIVO6-F12,M39-P26,26,-9,
VIVO6-FEC-16S-JUN16_M39,3,N,Pup,2,VIVO6-M39,4,M,S,VIVO6-F12,M39-P35,35,0,
VIVO6-FEC-16S-JUN19_M39,3,N,Pup,2,VIVO6-M39,4,M,S,VIVO6-F12,M39-P38,38,3,
VIVO6-FEC-16S-JUN9_M40,2,N,Pup,2,VIVO6-M40,4,M,S,VIVO6-F12,M40-P28,28,-7,
VIVO6-FEC-16S-JUN16_M40,3,N,Pup,2,VIVO6-M40,4,M,S,VIVO6-F12,M40-P35,35,0,
VIVO6-FEC-16S-JUN19_M40,3,N,Pup,2,VIVO6-M40,4,M,S,VIVO6-F12,M40-P38,38,3,
VIVO6-FEC-16S-JUN7_M42,3,N,Pup,3,VIVO6-M42,1,M,H,VIVO6-F14,M42-P26,26,-7,
VIVO6-FEC-16S-JUN14_M42,3,N,Pup,3,VIVO6-M42,1,M,H,VIVO6-F14,M42-P33,33,0,
VIVO6-FEC-16S-JUN16_M42,3,N,Pup,3,VIVO6-M42,1,M,H,VIVO6-F14,M42-P35,35,2,
VIVO6-FEC-16S-JUN21_M42,3,N,Pup,3,VIVO6-M42,1,M,H,VIVO6-F14,M42-P40,40,7,
VIVO6-FEC-16S-JUN7_M43,3,N,Pup,3,VIVO6-M43,1,M,H,VIVO6-F14,M43-P26,26,-7,
VIVO6-FEC-16S-JUN14_M43,3,N,Pup,3,VIVO6-M43,1,M,H,VIVO6-F14,M43-P33,33,0,
VIVO6-FEC-16S-JUN16_M43,3,N,Pup,3,VIVO6-M43,1,M,H,VIVO6-F14,M43-P35,35,2,
VIVO6-FEC-16S-JUN21_M43,3,N,Pup,3,VIVO6-M43,1,M,H,VIVO6-F14,M43-P40,40,7,
VIVO6-FEC-16S-JUN7_M44,3,N,Pup,3,VIVO6-M44,1,M,H,VIVO6-F14,M44-P26,26,-7,
VIVO6-FEC-16S-JUN14_M44,3,N,Pup,3,VIVO6-M44,1,M,H,VIVO6-F14,M44-P33,33,0,
VIVO6-FEC-16S-JUN16_M44,3,N,Pup,3,VIVO6-M44,1,M,H,VIVO6-F14,M44-P35,35,2,
VIVO6-FEC-16S-JUN21_M44,3,N,Pup,3,VIVO6-M44,1,M,H,VIVO6-F14,M44-P40,40,7,
VIVO6-FEC-16S-JUN1_POOL-F11,2,N,Pup,2,VIVO6-POOL-F11,4,,S,VIVO6-F11,POOL-F11-P21,21,-12,
VIVO6-FEC-16S-JUN2_POOL-F14,3,N,Pup,3,VIVO6-POOL-F14,1,,H,VIVO6-F14,POOL-F14-P21,21,-12,
VIVO6-FEC-16S-JUN7_POOL-F15,3,N,Pup,3,VIVO6-POOL-F15,1,,H,VIVO6-F15,POOL-F15-P20,20,-14,
VIVO6-FEC-16S-JUN2_POOL-F8,2,N,Pup,2,VIVO6-POOL-F8,3,,S,VIVO6-F8,POOL-F8-P20,20,-13,
VIVO6-FEC-16S-MAY31_POOL-F9,2,N,Pup,2,VIVO6-POOL-F9,3,,S,VIVO6-F9,POOL-F9-P22,22,-15,