tax_id	species	genus	family	order	class	phylum	superkingdom
100886	Catenibacterium mitsuokai	Catenibacterium	Erysipelotrichaceae	Erysipelotrichales	Erysipelotrichia	Firmicutes	Bacteria
102684	Streptococcus infantarius	Streptococcus	Streptococcaceae	Lactobacillales	Bacilli	Firmicutes	Bacteria
105229	Neobacillus fumarioli	Neobacillus	Bacillaceae	Bacillales	Bacilli	Firmicutes	Bacteria
105841	Anaerostipes caccae	Anaerostipes	Lachnospiraceae	Clostridiales	Clostridia	Firmicutes	Bacteria
106588	Pseudoflavonifractor capillosus	Pseudoflavonifractor	Ruminococcaceae	Clostridiales	Clostridia	Firmicutes	Bacteria
1229621	Anaerostipes rhamnosivorans	Anaerostipes	Lachnospiraceae	Clostridiales	Clostridia	Firmicutes	Bacteria
1246	Leuconostoc lactis	Leuconostoc	Leuconostocaceae	Lactobacillales	Bacilli	Firmicutes	Bacteria
1304	Streptococcus salivarius	Streptococcus	Streptococcaceae	Lactobacillales	Bacilli	Firmicutes	Bacteria
1308	Streptococcus thermophilus	Streptococcus	Streptococcaceae	Lactobacillales	Bacilli	Firmicutes	Bacteria
1311	Streptococcus agalactiae	Streptococcus	Streptococcaceae	Lactobacillales	Bacilli	Firmicutes	Bacteria
1335	Streptococcus equinus	Streptococcus	Streptococcaceae	Lactobacillales	Bacilli	Firmicutes	Bacteria
1349415	Streptococcus loxodontisalivarius	Streptococcus	Streptococcaceae	Lactobacillales	Bacilli	Firmicutes	Bacteria
1351	Enterococcus faecalis	Enterococcus	Enterococcaceae	Lactobacillales	Bacilli	Firmicutes	Bacteria
1352	Enterococcus faecium	Enterococcus	Enterococcaceae	Lactobacillales	Bacilli	Firmicutes	Bacteria
1353	Enterococcus gallinarum	Enterococcus	Enterococcaceae	Lactobacillales	Bacilli	Firmicutes	Bacteria
1354	Enterococcus hirae	Enterococcus	Enterococcaceae	Lactobacillales	Bacilli	Firmicutes	Bacteria
1358	Lactococcus lactis	Lactococcus	Streptococcaceae	Lactobacillales	Bacilli	Firmicutes	Bacteria
1363	Lactococcus garvieae	Lactococcus	Streptococcaceae	Lactobacillales	Bacilli	Firmicutes	Bacteria
1414720	Clostridium saudiense	Clostridium	Clostridiaceae	Clostridiales	Clostridia	Firmicutes	Bacteria
1469948	Kineothrix alysoides	Kineothrix	Lachnospiraceae	Clostridiales	Clostridia	Firmicutes	Bacteria
1496	Clostridioides difficile	Clostridioides	Peptostreptococcaceae	Clostridiales	Clostridia	Firmicutes	Bacteria
150055	Streptococcus lutetiensis	Streptococcus	Streptococcaceae	Lactobacillales	Bacilli	Firmicutes	Bacteria
1502	Clostridium perfringens	Clostridium	Clostridiaceae	Clostridiales	Clostridia	Firmicutes	Bacteria
1505	Paeniclostridium sordellii	Paeniclostridium	Peptostreptococcaceae	Clostridiales	Clostridia	Firmicutes	Bacteria
1512	[Clostridium] symbiosum	Lachnoclostridium	Lachnospiraceae	Clostridiales	Clostridia	Firmicutes	Bacteria
1531	Enterocloster clostridioformis	Enterocloster	Lachnospiraceae	Clostridiales	Clostridia	Firmicutes	Bacteria
1541	Terrisporobacter mayombei	Terrisporobacter	Peptostreptococcaceae	Clostridiales	Clostridia	Firmicutes	Bacteria
154288	Turicibacter sanguinis	Turicibacter	Erysipelotrichaceae	Erysipelotrichales	Erysipelotrichia	Firmicutes	Bacteria
1544	Faecalicatena orotica	Faecalicatena	Lachnospiraceae	Clostridiales	Clostridia	Firmicutes	Bacteria
1547	Erysipelatoclostridium ramosum	Erysipelatoclostridium	Erysipelotrichaceae	Erysipelotrichales	Erysipelotrichia	Firmicutes	Bacteria
1583	Weissella confusa	Weissella	Leuconostocaceae	Lactobacillales	Bacilli	Firmicutes	Bacteria
158836	Enterobacter hormaechei	Enterobacter	Enterobacteriaceae	Enterobacterales	Gammaproteobacteria	Proteobacteria	Bacteria
1604	Lactobacillus amylovorus	Lactobacillus	Lactobacillaceae	Lactobacillales	Bacilli	Firmicutes	Bacteria
160453	Enterococcus gilvus	Enterococcus	Enterococcaceae	Lactobacillales	Bacilli	Firmicutes	Bacteria
1623	Lactobacillus ruminis	Lactobacillus	Lactobacillaceae	Lactobacillales	Bacilli	Firmicutes	Bacteria
1628085	Agathobaculum butyriciproducens	Agathobaculum	Ruminococcaceae	Clostridiales	Clostridia	Firmicutes	Bacteria
165179	Prevotella copri	Prevotella	Prevotellaceae	Bacteroidales	Bacteroidia	Bacteroidetes	Bacteria
1680	Bifidobacterium adolescentis	Bifidobacterium	Bifidobacteriaceae	Bifidobacteriales	Actinobacteria	Actinobacteria	Bacteria
1681	Bifidobacterium bifidum	Bifidobacterium	Bifidobacteriaceae	Bifidobacteriales	Actinobacteria	Actinobacteria	Bacteria
1685	Bifidobacterium breve	Bifidobacterium	Bifidobacteriaceae	Bifidobacteriales	Actinobacteria	Actinobacteria	Bacteria
1686	Bifidobacterium catenulatum	Bifidobacterium	Bifidobacteriaceae	Bifidobacteriales	Actinobacteria	Actinobacteria	Bacteria
1712515	Butyricicoccus faecihominis	Butyricicoccus	Clostridiaceae	Clostridiales	Clostridia	Firmicutes	Bacteria
1712675	Turicibacter sp. H121	Turicibacter	Erysipelotrichaceae	Erysipelotrichales	Erysipelotrichia	Firmicutes	Bacteria
1735	Holdemanella biformis	Holdemanella	Erysipelotrichaceae	Erysipelotrichales	Erysipelotrichia	Firmicutes	Bacteria
1736	Eubacterium limosum	Eubacterium	Eubacteriaceae	Clostridiales	Clostridia	Firmicutes	Bacteria
1776382	Neglecta timonensis	Neglecta	Ruminococcaceae	Clostridiales	Clostridia	Firmicutes	Bacteria
1776391	Romboutsia timonensis	Romboutsia	Peptostreptococcaceae	Clostridiales	Clostridia	Firmicutes	Bacteria
1796616	Blautia sp. YL58	Blautia	Lachnospiraceae	Clostridiales	Clostridia	Firmicutes	Bacteria
1805431	Enterococcus saigonensis	Enterococcus	Enterococcaceae	Lactobacillales	Bacilli	Firmicutes	Bacteria
1834196	Lachnoclostridium sp. YL32	Lachnoclostridium	Lachnospiraceae	Clostridiales	Clostridia	Firmicutes	Bacteria
1834207	Erysipelotrichaceae bacterium I46		Erysipelotrichaceae	Erysipelotrichales	Erysipelotrichia	Firmicutes	Bacteria
1852370	Prevotellamassilia timonensis	Prevotellamassilia	Prevotellaceae	Bacteroidales	Bacteroidia	Bacteroidetes	Bacteria
1871016	Collinsella phocaeensis	Collinsella	Coriobacteriaceae	Coriobacteriales	Coriobacteriia	Actinobacteria	Bacteria
1871021	Lachnoclostridium phocaeense	Lachnoclostridium	Lachnospiraceae	Clostridiales	Clostridia	Firmicutes	Bacteria
1871022	Libanicoccus massiliensis	Libanicoccus	Atopobiaceae	Coriobacteriales	Coriobacteriia	Actinobacteria	Bacteria
197614	Streptococcus pasteurianus	Streptococcus	Streptococcaceae	Lactobacillales	Bacilli	Firmicutes	Bacteria
2003188	Parolsenella catena	Parolsenella	Atopobiaceae	Coriobacteriales	Coriobacteriia	Actinobacteria	Bacteria
2025876	Parabacteroides sp. CT06	Parabacteroides	Tannerellaceae	Bacteroidales	Bacteroidia	Bacteroidetes	Bacteria
2057791	Enterococcus sp. CR-Ec1	Enterococcus	Enterococcaceae	Lactobacillales	Bacilli	Firmicutes	Bacteria
2060307	Enterococcus sp. FDAARGOS_375	Enterococcus	Enterococcaceae	Lactobacillales	Bacilli	Firmicutes	Bacteria
208479	Enterocloster bolteae	Enterocloster	Lachnospiraceae	Clostridiales	Clostridia	Firmicutes	Bacteria
2109685	Olsenella sp. GAM18	Olsenella	Atopobiaceae	Coriobacteriales	Coriobacteriia	Actinobacteria	Bacteria
2109690	Lachnospiraceae bacterium Choco86		Lachnospiraceae	Clostridiales	Clostridia	Firmicutes	Bacteria
2109691	Lachnospiraceae bacterium GAM79		Lachnospiraceae	Clostridiales	Clostridia	Firmicutes	Bacteria
216816	Bifidobacterium longum	Bifidobacterium	Bifidobacteriaceae	Bifidobacteriales	Actinobacteria	Actinobacteria	Bacteria
239935	Akkermansia muciniphila	Akkermansia	Akkermansiaceae	Verrucomicrobiales	Verrucomicrobiae	Verrucomicrobia	Bacteria
2420313	Enterococcus sp. FDAARGOS_553	Enterococcus	Enterococcaceae	Lactobacillales	Bacilli	Firmicutes	Bacteria
2479767	Blautia sp. SC05B48	Blautia	Lachnospiraceae	Clostridiales	Clostridia	Firmicutes	Bacteria
2582830	Enterococcus sp. M190262	Enterococcus	Enterococcaceae	Lactobacillales	Bacilli	Firmicutes	Bacteria
2603296	Enterococcus sp. DA9	Enterococcus	Enterococcaceae	Lactobacillales	Bacilli	Firmicutes	Bacteria
270498	Catabacter hongkongensis	Catabacter	Catabacteriaceae	Clostridiales	Clostridia	Firmicutes	Bacteria
28026	Bifidobacterium pseudocatenulatum	Bifidobacterium	Bifidobacteriaceae	Bifidobacteriales	Actinobacteria	Actinobacteria	Bacteria
28901	Salmonella enterica	Salmonella	Enterobacteriaceae	Enterobacterales	Gammaproteobacteria	Proteobacteria	Bacteria
291644	Bacteroides salyersiae	Bacteroides	Bacteroidaceae	Bacteroidales	Bacteroidia	Bacteroidetes	Bacteria
292800	Flavonifractor plautii	Flavonifractor	Ruminococcaceae	Clostridiales	Clostridia	Firmicutes	Bacteria
29361	Tyzzerella nexilis	Tyzzerella	Lachnospiraceae	Clostridiales	Clostridia	Firmicutes	Bacteria
29363	Clostridium paraputrificum	Clostridium	Clostridiaceae	Clostridiales	Clostridia	Firmicutes	Bacteria
29370	Lacrimispora sphenoides	Lacrimispora	Lachnospiraceae	Clostridiales	Clostridia	Firmicutes	Bacteria
301302	Roseburia faecis	Roseburia	Lachnospiraceae	Clostridiales	Clostridia	Firmicutes	Bacteria
315405	Streptococcus gallolyticus	Streptococcus	Streptococcaceae	Lactobacillales	Bacilli	Firmicutes	Bacteria
33038	[Ruminococcus] gnavus	Mediterraneibacter	Lachnospiraceae	Clostridiales	Clostridia	Firmicutes	Bacteria
33945	Enterococcus avium	Enterococcus	Enterococcaceae	Lactobacillales	Bacilli	Firmicutes	Bacteria
33959	Lactobacillus johnsonii	Lactobacillus	Lactobacillaceae	Lactobacillales	Bacilli	Firmicutes	Bacteria
357276	Phocaeicola dorei	Phocaeicola		Bacteroidales	Bacteroidia	Bacteroidetes	Bacteria
358742	Enterocloster aldensis	Enterocloster	Lachnospiraceae	Clostridiales	Clostridia	Firmicutes	Bacteria
363265	Prevotella stercorea	Prevotella	Prevotellaceae	Bacteroidales	Bacteroidia	Bacteroidetes	Bacteria
36832	Lacrimispora aerotolerans	Lacrimispora	Lachnospiraceae	Clostridiales	Clostridia	Firmicutes	Bacteria
36841	Terrisporobacter glycolicus	Terrisporobacter	Peptostreptococcaceae	Clostridiales	Clostridia	Firmicutes	Bacteria
37734	Enterococcus casseliflavus	Enterococcus	Enterococcaceae	Lactobacillales	Bacilli	Firmicutes	Bacteria
39482	Faecalicatena contorta	Faecalicatena	Lachnospiraceae	Clostridiales	Clostridia	Firmicutes	Bacteria
404403	Howardella ureilytica	Howardella		Clostridiales	Clostridia	Firmicutes	Bacteria
40545	Sutterella wadsworthensis	Sutterella	Sutterellaceae	Burkholderiales	Betaproteobacteria	Proteobacteria	Bacteria
418240	Blautia wexlerae	Blautia	Lachnospiraceae	Clostridiales	Clostridia	Firmicutes	Bacteria
41997	Enterococcus saccharolyticus	Enterococcus	Enterococcaceae	Lactobacillales	Bacilli	Firmicutes	Bacteria
437897	Megamonas funiformis	Megamonas	Selenomonadaceae	Selenomonadales	Negativicutes	Firmicutes	Bacteria
44007	Enterococcus pseudoavium	Enterococcus	Enterococcaceae	Lactobacillales	Bacilli	Firmicutes	Bacteria
44009	Enterococcus dispar	Enterococcus	Enterococcaceae	Lactobacillales	Bacilli	Firmicutes	Bacteria
487173	Dialister succinatiphilus	Dialister	Veillonellaceae	Veillonellales	Negativicutes	Firmicutes	Bacteria
491921	Megamonas rupellensis	Megamonas	Selenomonadaceae	Selenomonadales	Negativicutes	Firmicutes	Bacteria
53345	Enterococcus durans	Enterococcus	Enterococcaceae	Lactobacillales	Bacilli	Firmicutes	Bacteria
53442	Eubacterium callanderi	Eubacterium	Eubacteriaceae	Clostridiales	Clostridia	Firmicutes	Bacteria
562	Escherichia coli	Escherichia	Enterobacteriaceae	Enterobacterales	Gammaproteobacteria	Proteobacteria	Bacteria
564	Escherichia fergusonii	Escherichia	Enterobacteriaceae	Enterobacterales	Gammaproteobacteria	Proteobacteria	Bacteria
592978	[Ruminococcus] faecis	Mediterraneibacter	Lachnospiraceae	Clostridiales	Clostridia	Firmicutes	Bacteria
623	Shigella flexneri	Shigella	Enterobacteriaceae	Enterobacterales	Gammaproteobacteria	Proteobacteria	Bacteria
649756	Anaerostipes hadrus	Anaerostipes	Lachnospiraceae	Clostridiales	Clostridia	Firmicutes	Bacteria
674529	Bacteroides faecis	Bacteroides	Bacteroidaceae	Bacteroidales	Bacteroidia	Bacteroidetes	Bacteria
689904	Tissierella carlieri	Tissierella	Tissierellaceae	Tissierellales	Tissierellia	Firmicutes	Bacteria
71451	Enterococcus malodoratus	Enterococcus	Enterococcaceae	Lactobacillales	Bacilli	Firmicutes	Bacteria
71452	Enterococcus raffinosus	Enterococcus	Enterococcaceae	Lactobacillales	Bacilli	Firmicutes	Bacteria
729	Haemophilus parainfluenzae	Haemophilus	Pasteurellaceae	Pasteurellales	Gammaproteobacteria	Proteobacteria	Bacteria
74426	Collinsella aerofaciens	Collinsella	Coriobacteriaceae	Coriobacteriales	Coriobacteriia	Actinobacteria	Bacteria
745368	Gemmiger formicilis	Gemmiger	Ruminococcaceae	Clostridiales	Clostridia	Firmicutes	Bacteria
78346	Bifidobacterium ruminantium	Bifidobacterium	Bifidobacteriaceae	Bifidobacteriales	Actinobacteria	Actinobacteria	Bacteria
817	Bacteroides fragilis	Bacteroides	Bacteroidaceae	Bacteroidales	Bacteroidia	Bacteroidetes	Bacteria
818	Bacteroides thetaiotaomicron	Bacteroides	Bacteroidaceae	Bacteroidales	Bacteroidia	Bacteroidetes	Bacteria
821	Phocaeicola vulgatus	Phocaeicola		Bacteroidales	Bacteroidia	Bacteroidetes	Bacteria
823	Parabacteroides distasonis	Parabacteroides	Tannerellaceae	Bacteroidales	Bacteroidia	Bacteroidetes	Bacteria
84024	Clostridium disporicum	Clostridium	Clostridiaceae	Clostridiales	Clostridia	Firmicutes	Bacteria
84030	Lacrimispora saccharolytica	Lacrimispora	Lachnospiraceae	Clostridiales	Clostridia	Firmicutes	Bacteria
84112	Eggerthella lenta	Eggerthella	Eggerthellaceae	Eggerthellales	Coriobacteriia	Actinobacteria	Bacteria
853	Faecalibacterium prausnitzii	Faecalibacterium	Ruminococcaceae	Clostridiales	Clostridia	Firmicutes	Bacteria
88431	Dorea longicatena	Dorea	Lachnospiraceae	Clostridiales	Clostridia	Firmicutes	Bacteria
89014	Blautia luti	Blautia	Lachnospiraceae	Clostridiales	Clostridia	Firmicutes	Bacteria
930854	Enterococcus viikkiensis	Enterococcus	Enterococcaceae	Lactobacillales	Bacilli	Firmicutes	Bacteria
97478	Lactobacillus mucosae	Lactobacillus	Lactobacillaceae	Lactobacillales	Bacilli	Firmicutes	Bacteria
unassigned							
