feature	NODE_149_length_1341_cov_4.596423	NODE_158_length_5208_cov_16.826121	NODE_244_length_1884_cov_3.414434	NODE_250_length_3884_cov_34.956385	NODE_345_length_4313_cov_34.753875	NODE_34_length_57407_cov_132.823685	NODE_36_length_24676_cov_54.263556	NODE_560_length_4789_cov_18.278411	NODE_64_length_16604_cov_16.296695	NODE_71_length_2451_cov_4.832220	NODE_80_length_3898_cov_3.087952	NODE_118_length_14212_cov_7.809423	NODE_119_length_6127_cov_11.754282	NODE_120_length_4708_cov_5.977649	NODE_122_length_9714_cov_6.792939	NODE_125_length_3140_cov_7.146191	NODE_128_length_6828_cov_9.355825	NODE_139_length_11886_cov_12.290001	NODE_148_length_1529_cov_3.214383	NODE_151_length_11622_cov_6.802715	NODE_153_length_12400_cov_9.887809	NODE_177_length_3368_cov_6.261093	NODE_177_length_6844_cov_8.175725	NODE_178_length_5905_cov_7.559658	NODE_190_length_3286_cov_3.972764	NODE_197_length_4114_cov_4.814240	NODE_213_length_6728_cov_11.658025	NODE_229_length_4253_cov_7.022868	NODE_232_length_3859_cov_5.182177	NODE_233_length_5621_cov_11.496407	NODE_241_length_6412_cov_5.785433	NODE_254_length_4664_cov_6.991972	NODE_262_length_4295_cov_8.188443	NODE_267_length_4368_cov_4.549038	NODE_269_length_5610_cov_6.458146	NODE_273_length_5592_cov_9.036662	NODE_275_length_3206_cov_5.058077	NODE_278_length_4850_cov_6.859437	NODE_288_length_3117_cov_4.919334	NODE_305_length_3981_cov_5.865003	NODE_323_length_4578_cov_5.801017	NODE_324_length_2965_cov_3.493471	NODE_325_length_3998_cov_5.391326	NODE_343_length_4498_cov_9.510241	NODE_343_length_5040_cov_8.169910	NODE_353_length_2871_cov_5.285156	NODE_366_length_3628_cov_5.400784	NODE_367_length_3982_cov_6.343519	NODE_41_length_39188_cov_6.935476	NODE_427_length_2990_cov_4.285179	NODE_428_length_2744_cov_4.066567	NODE_449_length_3548_cov_7.859147	NODE_457_length_3322_cov_6.401286	NODE_468_length_3043_cov_5.770080	NODE_469_length_2568_cov_8.139276	NODE_48_length_39392_cov_13.718484	NODE_498_length_2945_cov_4.607612	NODE_500_length_2986_cov_4.587172	NODE_503_length_2600_cov_5.917092	NODE_51_length_4179_cov_5.019641	NODE_536_length_2797_cov_5.823851	NODE_58_length_8379_cov_10.701225	NODE_610_length_2856_cov_7.730096	NODE_618_length_2500_cov_5.937423	NODE_6_length_52607_cov_9.933057|provirus_1_41423	NODE_77_length_21821_cov_12.298861	NODE_796_length_2326_cov_4.740643	NODE_86_length_11713_cov_9.597701	NODE_89_length_20874_cov_10.217782|provirus_3_14193	NODE_92_length_5324_cov_4.625546	NODE_95_length_6809_cov_5.090613	NODE_1002_length_2557_cov_4.365308	NODE_101_length_4575_cov_7.278097	NODE_113_length_10116_cov_5.796044	NODE_132_length_1293_cov_2.933764	NODE_192_length_7497_cov_5.865493	NODE_38_length_40434_cov_66.147750	NODE_42_length_32475_cov_10.695774	NODE_42_length_36164_cov_8.737212	NODE_43_length_3040_cov_4.376884	NODE_52_length_35146_cov_146.477501	NODE_612_length_3670_cov_4.402490	NODE_61_length_2911_cov_3.802871	NODE_1177_length_1098_cov_3.402685	NODE_222_length_1353_cov_3.577042	NODE_40_length_5207_cov_6.427601	NODE_45_length_21147_cov_17.779585	NODE_65_length_2561_cov_4.647646	NODE_95_length_4885_cov_5.471014	NODE_177_length_5120_cov_13.319842	NODE_245_length_2989_cov_21.227676	NODE_175_length_8062_cov_4.755589	NODE_25_length_41950_cov_8.418546	NODE_39_length_18186_cov_5.820032|provirus_3_8483	NODE_407_length_6756_cov_5.908073	NODE_411_length_6617_cov_5.361932	NODE_54_length_34912_cov_29.430989	NODE_86_length_2103_cov_4.534668	NODE_925_length_2493_cov_15.062756	NODE_267_length_1101_cov_2.931166	NODE_574_length_2544_cov_6.745279	NODE_655_length_3520_cov_3.797114	NODE_74_length_2302_cov_3.058300	NODE_1058_length_1702_cov_11.257438	NODE_1112_length_1822_cov_14.345218	NODE_132_length_23877_cov_12.972546	NODE_159_length_14466_cov_7.447367	NODE_175_length_2545_cov_8.803614	NODE_245_length_4271_cov_6.865038	NODE_273_length_3857_cov_5.688059	NODE_292_length_9196_cov_7.239689	NODE_293_length_1673_cov_2.770705	NODE_40_length_6349_cov_5.400381	NODE_50_length_64286_cov_15.837431|provirus_6014_50609	NODE_516_length_2143_cov_4.660441	NODE_52_length_3512_cov_4.416546	NODE_584_length_2507_cov_6.861338	NODE_609_length_1276_cov_3.526618	NODE_60_length_2998_cov_5.003058	NODE_632_length_4491_cov_6.169973	NODE_636_length_4461_cov_3.897413	NODE_638_length_3566_cov_3.047565	NODE_649_length_3541_cov_5.194205	NODE_64_length_3411_cov_6.318534	NODE_683_length_3765_cov_14.952830	NODE_718_length_3957_cov_7.268324	NODE_788_length_3026_cov_16.785594	NODE_90_length_6946_cov_17.086490	NODE_26_length_40087_cov_66.732839	NODE_475_length_2865_cov_5.508185	NODE_87_length_8976_cov_56.443896	NODE_596_length_3718_cov_2.839476	NODE_138_length_9014_cov_6.055698	NODE_25_length_64430_cov_10.074175	NODE_39_length_40881_cov_40.497820	NODE_36_length_49500_cov_28.060916	NODE_288_length_2524_cov_4.504253	NODE_300_length_3718_cov_3.746929	NODE_684_length_1350_cov_2.419305	NODE_720_length_1472_cov_2.302047	NODE_82_length_5911_cov_4.870902	NODE_1604_length_1116_cov_1.593779	NODE_181_length_2892_cov_40.830455	NODE_24_length_29177_cov_10.095976	NODE_90_length_8128_cov_40.375945	NODE_142_length_3949_cov_4.543657	NODE_217_length_2444_cov_4.637505	NODE_225_length_2373_cov_13.590164	NODE_67_length_2568_cov_2.207322	NODE_85_length_6973_cov_5.469066	NODE_111_length_5691_cov_7.167495	NODE_187_length_2850_cov_5.341324	NODE_30_length_34336_cov_218.813629	NODE_33_length_19553_cov_14.475280	NODE_39_length_11018_cov_5.964973	NODE_43_length_7522_cov_4.368823	NODE_44_length_6078_cov_6.900714	NODE_76_length_10931_cov_8.148676	NODE_147_length_3367_cov_3.467089	NODE_250_length_2172_cov_5.605102	NODE_375_length_1379_cov_2.361027	NODE_390_length_2119_cov_3.486919	NODE_479_length_1248_cov_2.093881	NODE_72_length_5193_cov_3.367653	NODE_95_length_4316_cov_6.475006	NODE_99_length_2870_cov_2.821314	NODE_42_length_6821_cov_9.625628	NODE_159_length_3508_cov_4.616276	NODE_1137_length_1786_cov_5.545350	NODE_129_length_9271_cov_6.849284	NODE_242_length_11721_cov_8.904937
VIVO7_FEC_VLP_AUG2_F27	NA	NA	NA	NA	NA	NA	NA	NA	NA	NA	NA	-5.65463602852797	-6.23959852924912	-5.91767043436176	-5.48471102708566	-5.91767043436176	-5.65463602852797	-5.99167101580554	-5.99167101580554	-5.53915881110803	-5.5957423394744	-6.23959852924912	-5.06967352780681	-6.65463602852797	-5.91767043436176	-6.53915881110803	-6.06967352780681	-6.65463602852797	-5.65463602852797	-5.53915881110803	-5.71603657319211	-5.91767043436176	-6.53915881110803	-5.78016691061183	-5.78016691061183	-5.91767043436176	-4.23959852924912	-7.43224360719152	-6.06967352780681	-6.78016691061183	-7.43224360719152	-6.43224360719152	-7.91767043436176	-4.65463602852797	-5.91767043436176	-6.43224360719152	-5.65463602852797	-7.23959852924912	-6.53915881110803	-5.78016691061183	-6.23959852924912	-6.53915881110803	-7.23959852924912	-5.03014516362017	-6.78016691061183	-6.91767043436176	-5.91767043436176	-6.3327079336406	-5.65463602852797	-6.65463602852797	-6.3327079336406	-5.23959852924912	-5.91767043436176	-5.65463602852797	-5.43224360719152	-5.78016691061183	-4.84728110647036	-5.65463602852797	-6.53915881110803	-6.91767043436176	-6.3327079336406	NA	NA	NA	NA	NA	NA	NA	NA	NA	NA	NA	NA	NA	NA	NA	NA	NA	NA	-8.23959852924912	-9.23959852924912	NA	NA	NA	NA	NA	NA	NA	NA	NA	NA	NA	NA	NA	NA	NA	NA	NA	NA	NA	NA	NA	NA	NA	NA	NA	NA	NA	NA	NA	NA	NA	NA	NA	NA	NA	NA	NA	NA	NA	NA	NA	NA	NA	NA	NA	NA	NA	NA	NA	NA	NA	NA	NA	NA	NA	NA	NA	NA	NA	NA	NA	NA	NA	NA	NA	NA	NA	NA	NA	NA	NA	NA	NA	NA	NA	NA	NA	NA	NA	NA
VIVO7_FEC_VLP_AUG2_F28	NA	NA	NA	NA	NA	NA	NA	NA	NA	NA	NA	-5.70217268536555	-6.24274106672825	-6.11721018464439	-5.45424517192196	-6.00173296722446	-5.79528208975703	-5.89481776330794	-6.53224768392324	-5.53224768392324	-5.53224768392324	-6.38024459047818	-5.05831649559082	-6.53224768392324	-6.00173296722446	-6.38024459047818	-6.00173296722446	-6.53224768392324	-5.79528208975703	-5.70217268536555	-5.61470984411521	-6.11721018464439	-6.53224768392324	-5.53224768392324	-5.70217268536555	-5.70217268536555	-4.17861072930853	-7.38024459047818	-6.11721018464439	-6.70217268536555	-7.38024459047818	-6.38024459047818	-7.70217268536555	-4.84419169023798	-5.89481776330794	-6.53224768392324	-5.70217268536555	-7.38024459047818	-6.53224768392324	-5.61470984411521	-6.11721018464439	-6.24274106672825	-7.11721018464439	-5.17861072930853	-7.11721018464439	-6.89481776330794	-5.79528208975703	-6.38024459047818	-5.61470984411521	-6.24274106672825	-6.11721018464439	-5.17861072930853	-5.89481776330794	-5.70217268536555	-5.30985526258679	-5.79528208975703	-4.94728518320208	-5.61470984411521	-6.38024459047818	-6.89481776330794	-6.24274106672825	NA	NA	NA	NA	NA	NA	NA	NA	NA	NA	NA	NA	NA	NA	NA	NA	NA	NA	NA	NA	NA	NA	NA	NA	NA	NA	NA	NA	NA	NA	NA	NA	NA	NA	NA	NA	NA	NA	NA	NA	NA	NA	NA	NA	NA	NA	NA	NA	NA	NA	NA	NA	NA	NA	NA	NA	NA	NA	NA	NA	NA	NA	NA	NA	NA	NA	NA	NA	NA	NA	NA	NA	NA	NA	NA	NA	NA	NA	NA	NA	NA	NA	NA	NA	NA	NA	NA	NA	NA	NA	NA	NA	NA	NA	NA	NA	NA	NA	NA	NA
VIVO7_FEC_VLP_AUG2_F29	NA	NA	NA	NA	NA	NA	NA	NA	NA	NA	NA	-6.38430688003905	-5.74448244428337	-5.48864353985378	-5.66082451523646	-6.64064663329883	-5.54378509404625	-5.90368103913263	-5.41825421196239	-6.90368103913263	-5.83329171124123	-5.81057163474115	-5.81057163474115	-6.19586179062594	-5.83329171124123	-6.38430688003905	-6.6011182691122	-5.47072163185652	-6.08265118017795	-6.11013191660005	-5.6011182691122	-6.08265118017795	-6.08265118017795	-5.64064663329883	-6.6011182691122	-5.50679088656404	-5.90368103913263	-6.08265118017795	-5.58175294424527	-5.25598278306351	-7.05568413257768	-5.54378509404625	-6.56264412129756	-5.76617751538269	-6.90368103913263	-5.95259063961357	-5.72310879349081	-6.48864353985378	-6.5251694158789	-5.85637532435427	-6.48864353985378	-5.87983429717826	-6.25598278306351	-6.81057163474115	-6.08265118017795	-6.35114001610385	-5.70204717796298	-6.25598278306351	-5.66082451523646	-6.31871853841147	-5.74448244428337	-6.11013191660005	-5.47072163185652	-6.90368103913263	-5.09632611707502	-5.6011182691122	-6.00321671268354	-5.62074707586113	-5.58175294424527	-6.02921192121649	-5.95259063961357	-10.8105716347411	NA	NA	-11.8105716347411	-10.8105716347411	-10.22560913402	NA	NA	-9.00321671268354	NA	-9.81057163474115	NA	NA	-10.22560913402	-10.22560913402	NA	NA	NA	-10.22560913402	NA	-10.8105716347411	-9.81057163474115	-10.22560913402	-10.8105716347411	-10.8105716347411	-9.81057163474115	-9.48864353985378	-9.81057163474115	NA	NA	NA	NA	NA	NA	NA	NA	NA	NA	NA	NA	NA	NA	NA	NA	NA	NA	NA	NA	NA	NA	NA	NA	NA	NA	NA	NA	NA	NA	NA	NA	NA	NA	NA	NA	NA	NA	NA	NA	NA	NA	NA	NA	NA	NA	NA	NA	NA	NA	NA	NA	NA	NA	NA	NA	NA	NA	NA	NA	NA	NA	NA	NA	NA	NA	NA	NA	NA	NA	NA	NA
VIVO7_FEC_VLP_AUG2_M25	NA	NA	NA	NA	NA	NA	NA	NA	NA	NA	NA	-5.70547530803839	-6.35755200461808	-5.99498192523338	-5.52105073690096	-5.77258950389693	-5.70547530803839	-5.99498192523338	-6.84297883178833	-5.4644672085346	-5.52105073690096	-6.07744408542535	-4.87950470781344	-6.57994442595453	-5.9169794132321	-6.70547530803839	-5.84297883178833	-6.57994442595453	-5.77258950389693	-5.57994442595453	-5.77258950389693	-5.9169794132321	-6.57994442595453	-5.9169794132321	-5.64134497061868	-5.70547530803839	-4.12051280731723	-7.57994442595453	-6.07744408542535	-7.16490692667569	-7.16490692667569	-6.35755200461808	-7.84297883178833	-4.73864217197359	-5.84297883178833	-7.35755200461808	-5.52105073690096	-7.57994442595453	-6.4644672085346	-5.64134497061868	-6.25801633106717	-6.25801633106717	-7.84297883178833	-5.03562390973072	-6.57994442595453	-6.84297883178833	-5.9169794132321	-6.25801633106717	-5.64134497061868	-6.35755200461808	-6.16490692667569	-5.07744408542535	-5.84297883178833	-5.52105073690096	-6.35755200461808	-5.84297883178833	-4.67305383034601	-5.64134497061868	-6.70547530803839	-7.16490692667569	-6.16490692667569	NA	NA	NA	NA	NA	NA	NA	NA	NA	NA	NA	NA	NA	NA	NA	NA	NA	NA	NA	NA	NA	NA	NA	NA	NA	NA	NA	NA	NA	NA	NA	NA	NA	NA	NA	NA	NA	NA	NA	NA	NA	NA	NA	NA	NA	NA	NA	NA	NA	NA	NA	NA	NA	NA	NA	NA	NA	NA	NA	NA	NA	NA	NA	NA	NA	NA	NA	NA	NA	NA	NA	NA	NA	NA	NA	NA	NA	NA	NA	NA	NA	NA	NA	NA	NA	NA	NA	NA	NA	NA	NA	NA	NA	NA	NA	NA	NA	NA	NA	NA
VIVO7_FEC_VLP_AUG2_M26	NA	NA	NA	NA	NA	NA	NA	NA	NA	NA	NA	-5.39993060688864	-6.56985560833095	-5.98489310760979	-5.39993060688864	-5.56985560833095	-5.76250068627334	-5.98489310760979	-6.56985560833095	-5.24792751344359	-5.39993060688864	-5.98489310760979	-4.66296501272243	-6.56985560833095	-5.98489310760979	-6.98489310760979	-5.98489310760979	-6.98489310760979	-5.39993060688864	-5.76250068627334	-5.56985560833095	-5.76250068627334	-6.98489310760979	-5.76250068627334	-5.39993060688864	-5.76250068627334	-3.92599941855622	NA	-5.98489310760979	-7.56985560833095	NA	-5.98489310760979	NA	-4.56985560833095	-5.56985560833095	NA	-5.56985560833095	NA	-6.24792751344359	-5.56985560833095	-6.24792751344359	-6.24792751344359	NA	-4.66296501272243	-6.56985560833095	-6.98489310760979	-5.76250068627334	-6.24792751344359	-5.24792751344359	-6.56985560833095	-6.24792751344359	-4.98489310760979	-5.98489310760979	NA	-6.56985560833095	-5.76250068627334	-4.66296501272243	-5.56985560833095	-6.56985560833095	NA	-6.24792751344359	NA	NA	NA	NA	NA	NA	NA	NA	NA	NA	NA	NA	NA	NA	NA	NA	NA	NA	NA	NA	NA	NA	NA	NA	NA	NA	NA	NA	NA	NA	NA	NA	NA	NA	NA	NA	NA	NA	NA	NA	NA	NA	NA	NA	NA	NA	NA	NA	NA	NA	NA	NA	NA	NA	NA	NA	NA	NA	NA	NA	NA	NA	NA	NA	NA	NA	NA	NA	NA	NA	NA	NA	NA	NA	NA	NA	NA	NA	NA	NA	NA	NA	NA	NA	NA	NA	NA	NA	NA	NA	NA	NA	NA	NA	NA	NA	NA	NA	NA	NA
VIVO7_FEC_VLP_JUL3_F27	NA	NA	NA	NA	-7.75822321472672	-6.25572287419754	-7.75822321472672	-8.34318571544788	NA	NA	NA	-6.34318571544788	-5.95086829266912	-5.58829821328441	-5.64274599730679	-6.53583079339028	-5.81962375939087	-6.17326071400557	-5.75822321472672	-6.53583079339028	-5.81962375939087	-6.02125762056052	-5.58829821328441	-6.53583079339028	-5.81962375939087	-6.43629511983936	-6.25572287419754	-5.69932952567316	-6.02125762056052	-6.02125762056052	-5.69932952567316	-6.0952582020043	-6.17326071400557	-5.75822321472672	-6.34318571544788	-5.69932952567316	-5.64274599730679	-6.43629511983936	-5.95086829266912	-5.58829821328441	-7.34318571544788	-5.95086829266912	-7.34318571544788	-5.75822321472672	-6.53583079339028	-5.25572287419754	-5.75822321472672	-6.64274599730679	-6.53583079339028	-5.88375409681058	-6.64274599730679	-6.0952582020043	-6.88375409681058	-6.34318571544788	-6.34318571544788	-6.64274599730679	-5.75822321472672	-6.64274599730679	-5.75822321472672	-6.64274599730679	-5.69932952567316	-6.0952582020043	-5.69932952567316	NA	-4.25572287419754	-5.69932952567316	-5.69932952567316	-5.75822321472672	-5.88375409681058	-6.34318571544788	-6.17326071400557	NA	NA	NA	NA	NA	-7.75822321472672	NA	NA	NA	NA	NA	-8.02125762056052	NA	NA	NA	NA	-8.02125762056052	NA	-7.34318571544788	-7.75822321472672	NA	NA	NA	NA	NA	NA	NA	NA	-9.34318571544788	NA	NA	NA	NA	NA	NA	NA	NA	-9.34318571544788	NA	NA	NA	NA	-9.34318571544788	NA	NA	NA	NA	NA	NA	NA	NA	NA	NA	-9.34318571544788	-10.3431857154479	NA	NA	-7.75822321472672	-9.34318571544788	-8.02125762056052	NA	NA	NA	NA	NA	NA	NA	NA	NA	NA	NA	NA	NA	NA	NA	NA	NA	NA	NA	NA	NA	NA	NA	NA	NA	NA	NA	NA	NA	NA	NA	NA	NA	NA	NA	NA	NA	NA	NA	NA
VIVO7_FEC_VLP_JUL3_F28	NA	NA	NA	NA	NA	NA	NA	NA	NA	NA	NA	-5.9870609442925	-5.9870609442925	-5.62449086490779	-5.33498424771281	-6.47248777146274	-5.62449086490779	-5.9870609442925	-6.20945336562895	-5.79441586635011	-5.62449086490779	-5.79441586635011	-5.09397614820901	-6.47248777146274	-5.79441586635011	-6.20945336562895	-5.79441586635011	-6.20945336562895	-5.62449086490779	-5.62449086490779	-5.62449086490779	-5.62449086490779	-6.47248777146274	-5.62449086490779	-5.79441586635011	-5.47248777146274	-4.62449086490779	-7.20945336562895	-6.20945336562895	-6.47248777146274	NA	-5.79441586635011	NA	-5.09397614820901	-5.79441586635011	-7.20945336562895	-5.33498424771281	-7.20945336562895	-6.47248777146274	-5.79441586635011	-6.47248777146274	-6.20945336562895	-6.79441586635011	-5.33498424771281	NA	-6.79441586635011	-5.62449086490779	-6.20945336562895	-5.47248777146274	-6.79441586635011	-5.79441586635011	-5.47248777146274	-5.9870609442925	NA	-5.79441586635011	-5.79441586635011	-5.33498424771281	-5.47248777146274	-6.20945336562895	-6.79441586635011	-5.9870609442925	NA	NA	NA	NA	NA	NA	NA	NA	NA	NA	NA	NA	NA	NA	NA	NA	NA	NA	-6.20945336562895	-7.79441586635011	NA	NA	NA	NA	NA	NA	NA	NA	NA	-7.79441586635011	NA	NA	NA	NA	NA	NA	NA	NA	NA	NA	NA	NA	NA	NA	NA	NA	NA	NA	NA	NA	NA	NA	NA	-7.79441586635011	-7.20945336562895	NA	NA	NA	NA	NA	NA	NA	NA	NA	NA	NA	NA	NA	NA	NA	NA	NA	NA	NA	NA	NA	NA	NA	NA	NA	NA	NA	NA	NA	NA	NA	NA	NA	NA	NA	NA	NA	NA	NA	NA	NA	NA	NA	NA	NA
VIVO7_FEC_VLP_JUL3_F29	NA	NA	NA	NA	-8.9469062744564	-8.36194377373524	-9.36194377373524	-8.62497817956904	NA	NA	NA	-5.73745290882745	-6.30305008468167	-5.85944343320606	-5.45505317812672	-6.04001567884788	-5.85944343320606	-6.13955135239879	-6.13955135239879	-5.73745290882745	-5.5206415197543	-6.08892527932883	-5.01616893689351	-6.62497817956904	-6.04001567884788	-6.85944343320606	-6.04001567884788	-6.55458885167764	-5.69897876101281	-5.66150405559415	-5.62497817956904	-6.04001567884788	-6.36194377373524	-5.73745290882745	-5.73745290882745	-5.81762325751143	-4.50396277860767	-7.36194377373524	-6.13955135239879	-7.04001567884788	-7.04001567884788	-6.04001567884788	-7.62497817956904	-4.85944343320606	-5.9469062744564	-6.62497817956904	-5.58935426983831	-7.36194377373524	-6.4874746558191	-5.66150405559415	-6.36194377373524	-6.42334431839938	-7.36194377373524	-5.39231742277876	-6.77698127301409	-6.9469062744564	-5.90251215509794	-6.36194377373524	-5.5206415197543	-6.36194377373524	-6.24646655631531	-5.2744809324849	-5.9469062744564	NA	-5.62497817956904	-5.81762325751143	-4.92453846142794	-5.58935426983831	-6.55458885167764	-6.9469062744564	-6.19201877229293	NA	NA	NA	NA	NA	NA	NA	NA	NA	NA	NA	NA	NA	NA	NA	NA	-9.36194377373524	NA	-7.4874746558191	-8.9469062744564	NA	NA	NA	NA	NA	NA	NA	NA	-8.9469062744564	-8.36194377373524	NA	NA	NA	NA	NA	NA	NA	-8.62497817956904	-9.36194377373524	NA	-9.36194377373524	NA	-8.9469062744564	NA	NA	-8.36194377373524	NA	NA	NA	NA	NA	NA	NA	-7.9469062744564	-8.62497817956904	NA	NA	NA	-8.9469062744564	-8.9469062744564	-8.62497817956904	NA	NA	NA	NA	NA	NA	NA	NA	NA	NA	NA	NA	NA	NA	NA	NA	NA	NA	NA	NA	NA	NA	NA	NA	NA	NA	NA	NA	NA	NA	NA	NA	NA	NA	NA	NA	NA	NA	NA
VIVO7_FEC_VLP_JUL3_M25	NA	NA	NA	NA	NA	NA	NA	NA	NA	NA	NA	-5.83058722829532	-5.96809075204526	-5.70505634621146	-5.3831282513241	-6.12009384549031	-5.58957912879153	-5.96809075204526	-6.12009384549031	-5.83058722829532	-5.48266392487501	-5.83058722829532	-5.12009384549031	-6.12009384549031	-5.58957912879153	-6.29001884693262	-6.48266392487501	-6.48266392487501	-5.58957912879153	-5.83058722829532	-5.58957912879153	-5.83058722829532	-6.48266392487501	-5.83058722829532	-5.83058722829532	-5.58957912879153	-4.64616265715789	-6.96809075204526	-5.83058722829532	-6.29001884693262	-6.96809075204526	-5.96809075204526	-7.29001884693262	-4.89770142415386	-5.96809075204526	-6.70505634621146	-5.48266392487501	-7.29001884693262	-6.48266392487501	-5.70505634621146	-6.12009384549031	-6.12009384549031	-6.70505634621146	-5.48266392487501	-6.48266392487501	-6.48266392487501	-5.83058722829532	-6.29001884693262	-5.3831282513241	-6.70505634621146	-5.96809075204526	-5.29001884693262	-5.70505634621146	NA	-6.12009384549031	-5.58957912879153	-5.12009384549031	-5.58957912879153	-6.29001884693262	-6.70505634621146	-5.96809075204526	NA	NA	NA	NA	NA	NA	NA	NA	NA	NA	NA	NA	NA	NA	NA	NA	NA	NA	NA	NA	NA	NA	NA	NA	NA	NA	NA	NA	NA	NA	NA	NA	NA	NA	NA	NA	NA	NA	NA	NA	NA	NA	NA	NA	NA	NA	NA	NA	NA	NA	NA	NA	NA	NA	NA	NA	NA	NA	NA	NA	NA	NA	NA	NA	NA	NA	NA	NA	NA	NA	NA	NA	NA	NA	NA	NA	NA	NA	NA	NA	NA	NA	NA	NA	NA	NA	NA	NA	NA	NA	NA	NA	NA	NA	NA	NA	NA	NA	NA	NA
VIVO7_FEC_VLP_JUL3_M26	NA	NA	NA	NA	-8.00674683244059	-6.52132000527034	NA	-8.74371242660679	NA	NA	NA	-6.24121208607761	-6.08074741388436	-5.74371242660679	-5.74371242660679	-6.52132000527034	-5.74371242660679	-6.15874992588564	-5.80511297127093	-6.24121208607761	-5.86924330869065	-6.15874992588564	-5.57378742516448	-6.42178433171943	-5.93635750454919	-6.52132000527034	-6.32867492732795	-5.93635750454919	-6.15874992588564	-5.93635750454919	-5.80511297127093	-6.15874992588564	-6.32867492732795	-5.80511297127093	-6.32867492732795	-5.80511297127093	-5.42178433171943	-6.52132000527034	-5.86924330869065	-5.80511297127093	-7.52132000527034	-5.86924330869065	-7.15874992588564	-5.74371242660679	-6.52132000527034	-4.97112292270986	-5.86924330869065	-7.00674683244058	-6.62823520918686	-6.00674683244058	-6.42178433171943	-6.08074741388436	-7.00674683244058	-6.24121208607761	-6.42178433171943	-6.74371242660679	-5.68481873755322	-6.42178433171943	-5.93635750454919	-6.32867492732795	-5.93635750454919	-5.80511297127093	-5.52132000527034	-6.74371242660679	-3.86924330869065	-5.68481873755322	-5.80511297127093	-5.80511297127093	-6.00674683244058	-6.42178433171943	-6.32867492732795	NA	NA	NA	NA	NA	-8.32867492732795	NA	NA	NA	NA	NA	-7.74371242660679	NA	NA	NA	NA	NA	NA	-7.74371242660679	NA	NA	NA	NA	NA	NA	NA	NA	NA	NA	NA	NA	NA	NA	NA	NA	NA	NA	-9.32867492732795	NA	NA	NA	NA	NA	NA	NA	NA	NA	NA	NA	NA	NA	NA	NA	-9.32867492732795	NA	NA	NA	-7.15874992588564	NA	-8.00674683244059	NA	-9.32867492732795	-9.32867492732795	-8.32867492732795	NA	NA	NA	NA	NA	NA	NA	NA	NA	NA	NA	NA	NA	NA	NA	NA	NA	NA	NA	NA	NA	NA	NA	NA	NA	NA	NA	NA	NA	NA	NA	NA	NA	NA	NA	NA
VIVO7_FEC_VLP_JUN10_F27	-8.73712660025319	-9.54448152231079	NA	NA	-6.90062533253607	-5.27769498161589	-8.95951902158964	-8.95951902158964	-7.73712660025319	-8.73712660025319	NA	-6.68650052718322	-6.37455652086848	-6.02091956625378	-6.08504990367349	-7.08504990367349	-6.18692951769271	-6.50008740295234	-6.02091956625378	-7.15216409953203	-6.18692951769271	-6.25907930344854	-5.98989267063315	-6.8440418041697	-6.2965540088672	-6.68650052718322	-6.22255342742343	-6.08504990367349	-6.63759092670227	-6.41519850536582	-6.15216409953203	-6.54448152231079	-6.33502815668184	-6.15216409953203	-6.73712660025319	-5.78959402014732	-6.25907930344854	-6.68650052718322	-5.76312180878613	-5.54448152231079	-7.54448152231079	-6.05262842598112	-7.15216409953203	-6.2965540088672	-7.08504990367349	-6.11821676760869	-5.8720561803393	-6.90062533253607	-6.78959402014732	-6.2965540088672	-6.73712660025319	-6.68650052718322	-6.68650052718322	-7.15216409953203	-7.08504990367349	-6.63759092670227	-6.18692951769271	-6.90062533253607	-6.54448152231079	-6.8440418041697	-5.8720561803393	-6.41519850536582	-5.95951902158963	NA	-5.16944209096387	-5.8720561803393	-6.33502815668184	-6.2965540088672	-5.8440418041697	-6.2965540088672	-6.33502815668184	NA	-9.95951902158964	NA	NA	NA	-8.73712660025319	NA	-9.54448152231079	NA	-7.8440418041697	NA	-6.68650052718322	NA	NA	NA	NA	-7.45701868106045	NA	-8.54448152231079	-9.54448152231079	NA	NA	NA	NA	NA	-6.73712660025319	NA	NA	NA	NA	NA	NA	NA	NA	NA	NA	NA	-10.5444815223108	NA	NA	NA	NA	-10.5444815223108	NA	NA	NA	NA	NA	NA	NA	NA	NA	NA	-10.5444815223108	NA	NA	NA	-4.78959402014732	-10.5444815223108	-7.08504990367349	-9.95951902158964	NA	-10.5444815223108	NA	-8.22255342742343	NA	-10.5444815223108	NA	NA	-11.5444815223108	NA	NA	NA	NA	NA	NA	NA	NA	NA	-9.95951902158964	-9.54448152231079	-3.19133469681271	-7.08504990367349	-9.22255342742343	-8.95951902158964	-8.37455652086848	-9.54448152231079	NA	NA	NA	NA	NA	NA	NA	NA	NA	NA	NA	NA	NA
VIVO7_FEC_VLP_JUN10_F28	-10.4532706340106	NA	NA	NA	-8.45327063401062	-7.13134253912326	NA	NA	NA	NA	NA	-8.64591571195302	-8.28334563256831	-7.36580779276028	-7.75283091586953	-8.45327063401062	-7.99383901537333	-8.28334563256831	-7.75283091586953	-8.86830813328947	-7.75283091586953	-7.75283091586953	-7.5463800384021	-8.64591571195302	-7.99383901537333	-8.28334563256831	-8.13134253912326	-7.99383901537333	-8.13134253912326	-7.99383901537333	-8.13134253912326	-8.64591571195302	-7.99383901537333	-7.99383901537333	-8.45327063401062	-7.5463800384021	-7.5463800384021	-8.64591571195302	-7.75283091586953	-7.13134253912326	-9.45327063401062	-7.86830813328947	-9.45327063401062	-7.86830813328947	-8.64591571195302	-3.23410211354846	-7.75283091586953	-9.13134253912326	-8.64591571195302	-7.86830813328947	-8.45327063401062	-8.64591571195302	-9.13134253912326	-8.28334563256831	-8.86830813328947	-8.86830813328947	-7.99383901537333	-8.45327063401062	-8.28334563256831	-7.99383901537333	-7.86830813328947	-8.13134253912326	-7.36580779276028	NA	-1.99383901537333	-7.86830813328947	-8.28334563256831	-7.86830813328947	-7.86830813328947	-8.64591571195302	-8.28334563256831	NA	NA	NA	NA	NA	-7.36580779276028	-10.4532706340106	-9.86830813328947	NA	NA	NA	-9.13134253912326	NA	NA	NA	NA	-8.86830813328947	NA	-7.99383901537333	NA	NA	NA	NA	NA	NA	-3.78084529203913	NA	NA	NA	NA	NA	NA	NA	NA	NA	NA	NA	NA	NA	NA	NA	-6.99383901537333	NA	NA	NA	NA	NA	NA	NA	NA	NA	NA	NA	NA	NA	NA	NA	-9.45327063401062	NA	NA	NA	NA	NA	-10.4532706340106	-8.45327063401062	NA	NA	NA	NA	NA	NA	NA	-7.45327063401062	NA	NA	NA	NA	NA	NA	NA	NA	-1.78438564974438	-8.86830813328947	NA	NA	NA	NA	NA	NA	NA	NA	NA	NA	NA	NA	NA	NA	NA	NA	NA
VIVO7_FEC_VLP_JUN10_F29	NA	-10.7291958591321	-11.7291958591321	NA	-3.75765230518132	-2.89314550407402	-6.59991284218713	-5.92184093707449	-8.2697642404948	-9.72919585913209	-10.1442333584109	-7.82230526352358	-7.33687843635333	-6.82230526352358	-6.92184093707449	-7.72919585913209	-7.08533966935737	-7.40726776424473	-6.37164385451401	-8.028756140991	-7.028756140991	-7.08533966935737	-6.87121486400452	-7.72919585913209	-7.08533966935737	-7.40726776424473	-6.59991284218713	-6.97430835696863	-7.48126834568851	-7.08533966935737	-6.97430835696863	-7.40726776424473	-7.028756140991	-6.97430835696863	-7.82230526352358	-6.51974249350314	-7.20563390307508	-7.40726776424473	-6.59991284218713	-5.70682804610364	-8.55927085768978	-6.92184093707449	-8.14423335841094	-6.92184093707449	-7.92184093707449	-6.87121486400452	-6.97430835696863	-8.028756140991	-7.72919585913209	-7.20563390307508	-7.40726776424473	-7.82230526352358	-7.64173301788175	-8.14423335841094	-7.92184093707449	-7.55927085768978	-7.14423335841094	-7.64173301788175	-7.40726776424473	-7.2697642404948	-6.82230526352358	-7.40726776424473	-6.028756140991	NA	-5.79845852156921	-6.82230526352358	-7.20563390307508	-6.92184093707449	-6.77499954874522	-7.2697642404948	-7.33687843635333	NA	-8.92184093707449	-10.7291958591321	NA	NA	-5.79845852156921	-7.64173301788175	-8.55927085768978	NA	-6.72919585913209	NA	-3.84655280977025	NA	-7.48126834568851	-7.48126834568851	NA	-4.51002733866993	NA	-8.72919585913209	NA	NA	NA	NA	NA	NA	-8.55927085768978	NA	NA	-10.1442333584109	-10.1442333584109	NA	NA	NA	NA	NA	NA	NA	-10.7291958591321	NA	NA	NA	NA	-9.14423335841094	-10.1442333584109	NA	-10.1442333584109	NA	NA	NA	NA	NA	NA	-7.48126834568851	-10.7291958591321	-10.7291958591321	NA	-10.1442333584109	-4.40726776424473	-10.7291958591321	-4.43457511024047	NA	-8.40726776424473	-8.40726776424473	-7.20563390307508	-7.20563390307508	-9.40726776424473	-9.72919585913209	-9.40726776424473	-10.7291958591321	-9.14423335841094	-9.72919585913209	NA	NA	-11.7291958591321	-11.7291958591321	-11.7291958591321	NA	NA	-8.2697642404948	-10.7291958591321	-9.72919585913209	-9.72919585913209	-7.2697642404948	-10.7291958591321	-10.1442333584109	-9.40726776424473	-10.7291958591321	-10.1442333584109	-11.7291958591321	-10.1442333584109	-10.7291958591321	-10.1442333584109	-9.40726776424473	-8.92184093707449	-9.72919585913209	NA	NA	NA	NA	NA
VIVO7_FEC_VLP_JUN10_M25	NA	NA	NA	NA	-7.93310047493137	-6.611172380044	-7.79559695118143	-7.93310047493137	-7.79559695118143	NA	NA	-7.16756572856839	-6.86271114703997	-6.611172380044	-6.55458885167764	-7.34813797421021	-6.67006606909757	-7.00710105637514	-6.67006606909757	-7.55458885167764	-6.55458885167764	-6.50014106765526	-6.39704757469116	-7.25502856981873	-6.611172380044	-7.08510356837642	-7.00710105637514	-6.39704757469116	-7.08510356837642	-7.00710105637514	-6.50014106765526	-6.93310047493137	-6.79559695118143	-6.55458885167764	-7.25502856981873	-6.39704757469116	-6.34813797421021	-6.93310047493137	-6.39704757469116	-6.16756572856839	-8.25502856981873	-6.611172380044	-7.67006606909757	-6.44767364776113	-7.67006606909757	-3.14650411304056	-6.67006606909757	-7.44767364776113	-7.34813797421021	-6.73146661376172	-7.25502856981873	-7.00710105637514	-7.44767364776113	-7.44767364776113	-7.08510356837642	-7.25502856981873	-6.39704757469116	-7.25502856981873	-7.00710105637514	-6.93310047493137	-6.44767364776113	-6.93310047493137	-6.25502856981873	NA	-2.0480142496412	-6.55458885167764	-6.86271114703997	-6.67006606909757	-6.50014106765526	-7.00710105637514	-7.00710105637514	NA	NA	NA	NA	NA	-7.93310047493137	-9.25502856981873	-8.67006606909757	NA	-7.79559695118143	NA	-8.25502856981873	NA	NA	NA	NA	-7.93310047493137	NA	-5.47366885629407	NA	NA	NA	NA	NA	NA	-5.64031872570352	NA	NA	NA	NA	NA	NA	NA	NA	NA	NA	NA	NA	NA	NA	NA	-6.86271114703997	NA	NA	NA	NA	NA	NA	NA	NA	NA	NA	NA	NA	NA	NA	NA	-6.44767364776113	NA	-8.25502856981873	NA	NA	NA	-9.67006606909757	-5.52710811525553	NA	NA	NA	NA	NA	NA	NA	NA	NA	NA	NA	-8.93310047493137	-9.67006606909757	NA	NA	NA	-8.25502856981873	NA	NA	NA	NA	NA	NA	-9.67006606909757	NA	NA	NA	NA	-9.25502856981873	NA	NA	NA	NA	NA	NA
VIVO7_FEC_VLP_JUN10_M26	-9.72280753116955	-9.72280753116955	-11.7228075311695	NA	-6.10809768705434	-4.95462320639262	-7.72280753116955	-7.33049010839079	-7.13784503044839	-8.40087943628218	-10.1378450304484	-7.40087943628218	-7.07895134139482	-6.47488001772596	-6.72280753116955	-7.55288252972723	-6.91545260911194	-7.13784503044839	-6.26337591253225	-7.63534468991921	-6.91545260911194	-6.91545260911194	-6.67841341181109	-7.63534468991921	-7.02236781302845	-7.26337591253225	-6.76861122078267	-6.81591693556103	-7.26337591253225	-6.86482653604197	-6.91545260911194	-7.19924557511253	-7.02236781302845	-6.91545260911194	-7.63534468991921	-6.13784503044839	-6.96792002900608	-7.33049010839079	-6.63534468991921	-5.53298297228953	-8.40087943628218	-6.91545260911194	-8.02236781302845	-6.81591693556103	-7.72280753116955	-5.8899175170048	-6.55288252972723	-7.81591693556103	-7.55288252972723	-6.72280753116955	-7.19924557511253	-7.13784503044839	-7.47488001772596	-7.72280753116955	-7.40087943628218	-7.47488001772596	-6.63534468991921	-7.55288252972723	-7.19924557511253	-7.07895134139482	-6.96792002900608	-7.26337591253225	-5.8899175170048	-7.91545260911194	-4.87731748022517	-6.67841341181109	-7.13784503044839	-6.67841341181109	-6.67841341181109	-7.19924557511253	-7.02236781302845	NA	-8.91545260911194	NA	NA	NA	-5.07895134139482	-8.40087943628218	-8.40087943628218	NA	-5.81591693556103	NA	-6.05038218919805	NA	NA	-6.72280753116955	NA	-6.5133541655406	NA	-4.29654277646745	NA	NA	NA	NA	NA	NA	-5.99488707660635	NA	NA	-9.40087943628218	-9.72280753116955	NA	-10.1378450304484	NA	NA	NA	NA	NA	-9.72280753116955	NA	NA	NA	NA	-9.72280753116955	-8.91545260911194	NA	-9.72280753116955	NA	-9.40087943628218	NA	NA	NA	NA	-6.86482653604197	-9.72280753116955	-10.1378450304484	NA	NA	-4.4374053123073	NA	-6.33049010839079	NA	-7.40087943628218	-7.26337591253225	-6.02236781302845	-4.79207019360666	-10.1378450304484	-9.40087943628218	NA	NA	-9.13784503044839	-10.7228075311695	-5.72280753116955	NA	-5.70043971814109	-8.91545260911194	-8.91545260911194	-7.91545260911194	-8.72280753116955	-6.86482653604197	-9.13784503044839	-9.40087943628218	-6.36525552655146	-6.29654277646745	-9.13784503044839	-9.40087943628218	-8.91545260911194	-9.13784503044839	NA	-8.55288252972723	-10.7228075311695	NA	-11.7228075311695	NA	-8.91545260911194	-9.72280753116955	-10.1378450304484	NA	NA	NA	NA
VIVO7_FEC_VLP_JUN18_F27	NA	NA	NA	NA	-9.07146236255663	-6.10183601160014	-6.19699324464048	-10.0714623625566	NA	NA	NA	-7.33449676839042	-7.26410744049902	-6.90153736111431	-6.74953426766926	-7.95598514513669	-7.01256867350306	-7.4084973498342	-6.74953426766926	-7.4084973498342	-6.95598514513669	-7.07146236255662	-6.48649986183547	-7.74953426766926	-7.13286290722077	-7.33449676839042	-7.4084973498342	-7.07146236255662	-7.26410744049902	-7.26410744049902	-6.95598514513669	-7.33449676839042	-7.26410744049902	-7.07146236255662	-7.4084973498342	-6.7022285528909	-6.33449676839042	-7.65642486327778	-6.74953426766926	-6.56896202202744	-8.84906994122018	-6.95598514513669	-8.19699324464048	-6.84906994122018	-7.48649986183547	-2.70514014831081	-6.84906994122018	-8.07146236255663	-7.65642486327778	-6.90153736111431	-7.48649986183547	-7.48649986183547	-8.07146236255663	-7.33449676839042	-8.19699324464048	-7.65642486327778	-6.90153736111431	-7.84906994122018	-7.26410744049902	-7.56896202202744	-7.07146236255662	-7.4084973498342	-6.56896202202744	NA	-1.56102784048522	-6.90153736111431	-6.95598514513669	-6.84906994122018	-6.90153736111431	-7.48649986183547	-7.48649986183547	NA	-7.84906994122018	NA	NA	NA	-7.95598514513669	NA	NA	NA	NA	NA	-8.65642486327778	NA	NA	-10.6564248632778	NA	-9.33449676839042	NA	-10.0714623625566	NA	NA	NA	NA	NA	NA	-9.33449676839042	NA	NA	NA	-10.6564248632778	NA	NA	NA	NA	NA	NA	NA	NA	NA	NA	NA	-6.61203074391933	NA	NA	NA	NA	NA	NA	NA	NA	NA	NA	NA	NA	NA	NA	NA	-4.74953426766926	NA	NA	NA	NA	-7.65642486327778	NA	NA	-8.84906994122018	-8.84906994122018	NA	-10.0714623625566	-8.19699324464048	-8.65642486327778	-9.65642486327778	NA	-9.07146236255663	NA	NA	NA	NA	NA	NA	NA	NA	NA	NA	NA	NA	NA	NA	NA	NA	-9.33449676839042	NA	NA	NA	-9.33449676839042	NA	NA	NA	NA	NA
VIVO7_FEC_VLP_JUN18_F29	NA	NA	NA	NA	-7.25806121261894	-4.83659744418067	-5.7800139158143	-9.48045363395539	NA	NA	NA	-7.25806121261894	-7.06541613467655	-6.81748862123296	-6.60598451603925	-7.48045363395539	-6.89549113323424	-7.25806121261894	-6.54185417861953	-7.36497641653546	-6.74348803978919	-6.81748862123296	-6.42155994490182	-7.36497641653546	-6.89549113323424	-7.60598451603925	-7.36497641653546	-6.89549113323424	-7.06541613467655	-7.06541613467655	-6.89549113323424	-7.06541613467655	-7.25806121261894	-6.89549113323424	-7.25806121261894	-6.74348803978919	-6.36497641653546	-7.48045363395539	-6.89549113323424	-6.42155994490182	-8.74348803978918	-6.74348803978919	-8.25806121261894	-6.74348803978919	-7.36497641653546	-2.81748862123296	-6.67309871189779	-7.74348803978919	-7.48045363395539	-6.89549113323424	-7.74348803978919	-7.36497641653546	-7.89549113323424	-7.25806121261894	-7.89549113323424	-7.48045363395539	-6.60598451603925	-7.48045363395539	-6.89549113323424	-7.25806121261894	-6.81748862123296	-6.97795329342621	-6.67309871189779	NA	-1.7777037551271	-6.74348803978919	-6.89549113323424	-6.74348803978919	-6.67309871189779	-7.25806121261894	-7.06541613467655	NA	-8.74348803978918	NA	NA	NA	-6.67309871189779	-10.0654161346765	-10.0654161346765	NA	NA	NA	-7.36497641653546	NA	NA	-9.06541613467655	NA	-7.89549113323424	NA	-9.06541613467655	NA	NA	NA	NA	NA	NA	-9.48045363395539	NA	NA	NA	NA	NA	NA	NA	NA	NA	NA	NA	NA	NA	NA	NA	NA	NA	NA	NA	NA	NA	NA	NA	NA	NA	NA	NA	NA	NA	NA	NA	-5.33749568011335	NA	-7.74348803978919	NA	NA	-7.60598451603925	-9.06541613467655	NA	-9.48045363395539	-9.48045363395539	NA	NA	-9.48045363395539	NA	-9.48045363395539	NA	-10.0654161346765	NA	NA	NA	NA	NA	NA	NA	NA	NA	NA	NA	NA	NA	NA	NA	NA	NA	NA	NA	NA	-10.0654161346765	NA	NA	NA	NA	NA
VIVO7_FEC_VLP_JUN18_F8	NA	NA	NA	NA	NA	-8.80654962198596	NA	NA	NA	NA	NA	-6.05166211982249	-5.89965902637744	-5.4142321992072	-5.4846215270986	-6.4142321992072	-5.59709625635701	-5.85235331159909	-5.4142321992072	-6.4846215270986	-5.71908678073562	-5.80654962198596	-5.4142321992072	-6.2215871212648	-5.85235331159909	-6.28298766592895	-6.34711800334866	-5.63662462054365	-5.80654962198596	-5.80654962198596	-5.55862210854238	-5.89965902637744	-6.28298766592895	-5.59709625635701	-6.28298766592895	-5.44899761736788	-5.34711800334866	-6.28298766592895	-5.76215550262751	-5.44899761736788	-7.10610990384487	-5.52114740312371	-7.10610990384487	-5.4142321992072	-6.55862210854238	-6.80654962198596	-5.63662462054365	-6.55862210854238	-6.4142321992072	-5.80654962198596	-6.4846215270986	-5.99919469992836	-6.34711800334866	-6.34711800334866	-5.99919469992836	-6.4142321992072	-5.677266605041	-6.4846215270986	-5.63662462054365	-6.10610990384487	-5.63662462054365	-5.85235331159909	-5.44899761736788	NA	-5.99919469992836	-5.55862210854238	-5.59709625635701	-5.4846215270986	-5.85235331159909	-6.2215871212648	-5.89965902637744	NA	NA	NA	NA	NA	-9.22158712126481	NA	NA	NA	NA	NA	NA	NA	-10.806549621986	-9.80654962198596	NA	NA	NA	NA	-10.806549621986	NA	NA	NA	NA	NA	NA	NA	NA	-10.806549621986	NA	NA	NA	NA	NA	NA	NA	NA	NA	NA	NA	NA	NA	NA	NA	NA	-10.806549621986	NA	NA	NA	NA	NA	NA	NA	NA	NA	NA	NA	-9.22158712126481	NA	NA	NA	NA	NA	NA	NA	NA	NA	NA	NA	NA	NA	NA	NA	NA	NA	NA	NA	NA	NA	NA	NA	NA	NA	NA	NA	NA	NA	NA	NA	NA	NA	NA	NA	NA	NA	NA	NA	NA	NA	NA
VIVO7_FEC_VLP_JUN18_M25	NA	NA	NA	NA	-9.50819093055715	-7.74265618419418	NA	NA	NA	NA	NA	-7.18626283566979	-6.87592271505764	-6.37068740680722	-6.50819093055715	-7.58219151200093	-6.58219151200093	-6.97213803031694	-6.3065570693875	-7.24515652472336	-6.62066565981556	-6.78572490608606	-6.24515652472336	-7.50819093055715	-6.97213803031694	-7.3065570693875	-7.43780160266575	-6.54471680658227	-6.87592271505764	-6.74265618419418	-6.62066565981556	-6.83011902544451	-7.02276410338691	-6.87592271505764	-7.07523152328105	-6.21540918132931	-6.33826592911484	-7.24515652472336	-6.37068740680722	-6.15769368347302	-8.24515652472336	-6.43780160266575	-7.83011902544451	-6.6601940240022	-7.24515652472336	-2.63044668060815	-6.27553017376688	-7.58219151200093	-7.3065570693875	-6.87592271505764	-7.07523152328105	-6.97213803031694	-7.43780160266575	-7.18626283566979	-7.50819093055715	-7.18626283566979	-6.62066565981556	-7.37068740680722	-6.97213803031694	-7.3065570693875	-6.47256702082643	-6.87592271505764	-6.43780160266575	NA	-1.71117795272101	-6.40385427074242	-6.6601940240022	-6.58219151200093	-6.43780160266575	-6.923228429836	-7.07523152328105	NA	-9.50819093055715	NA	-9.83011902544452	NA	NA	NA	NA	NA	NA	NA	-10.2451565247234	NA	NA	NA	NA	-10.2451565247234	NA	-9.50819093055715	NA	NA	NA	NA	NA	NA	-8.12967930730342	NA	NA	NA	NA	NA	NA	NA	NA	NA	NA	NA	NA	NA	NA	NA	-6.54471680658227	NA	NA	NA	NA	NA	NA	NA	NA	NA	NA	NA	NA	NA	NA	NA	-10.2451565247234	NA	NA	NA	NA	-10.2451565247234	NA	NA	NA	-10.8301190254445	NA	NA	-10.2451565247234	NA	NA	NA	NA	NA	NA	NA	NA	NA	NA	NA	NA	NA	NA	NA	NA	NA	NA	NA	NA	NA	NA	NA	NA	NA	-7.923228429836	NA	NA	NA	NA
VIVO7_FEC_VLP_JUN18_M26	NA	NA	NA	NA	-9.44976769496266	-8.37937836707126	NA	NA	NA	NA	NA	-7.37937836707126	-7.15698594573481	-6.8648051942415	-6.79441586635011	-7.81749947946315	-6.91371479472245	-7.18673328912887	-6.79441586635011	-7.64241277290506	-6.99033607632536	-7.15698594573481	-6.72730167049157	-7.64241277290506	-7.01680828768655	-7.56224242422107	-7.41414378523194	-7.01680828768655	-7.04377533528682	-7.15698594573481	-6.8648051942415	-7.24813383379301	-7.48629357098777	-6.96434086779242	-7.48629357098777	-6.79441586635011	-6.64241277290506	-7.72730167049157	-6.99033607632536	-6.74932797682157	-8.37937836707126	-6.96434086779242	-8.01680828768655	-6.74932797682157	-7.72730167049157	-2.38367850450489	-6.72730167049157	-8.07125607170893	-7.68423294859968	-7.01680828768655	-7.60177078840771	-7.31226417121273	-7.81749947946315	-7.52376827640644	-7.64241277290506	-7.68423294859968	-6.96434086779242	-7.64241277290506	-6.96434086779242	-7.56224242422107	-6.88905274048818	-7.04377533528682	-6.70560659939225	-7.91371479472245	-1.36868376627503	-6.88905274048818	-6.81749947946315	-6.8648051942415	-7.04377533528682	-7.41414378523194	-7.31226417121273	NA	NA	NA	NA	NA	-10.4497676949627	NA	NA	NA	NA	NA	-9.44976769496266	NA	NA	NA	NA	-9.60177078840771	NA	-11.1867332891289	-10.77169578985	NA	NA	NA	NA	NA	NA	NA	NA	NA	NA	NA	NA	NA	NA	NA	NA	NA	NA	NA	NA	NA	-6.31226417121273	NA	NA	NA	NA	NA	NA	NA	NA	NA	NA	NA	NA	NA	NA	NA	-10.1867332891289	NA	-10.1867332891289	NA	NA	-10.77169578985	NA	NA	NA	NA	NA	NA	NA	NA	NA	NA	NA	NA	NA	NA	NA	NA	NA	NA	NA	NA	NA	NA	NA	NA	NA	NA	NA	NA	NA	NA	NA	NA	NA	NA	NA	NA	NA
VIVO7_FEC_VLP_JUN21_F27	NA	NA	NA	NA	NA	NA	NA	NA	NA	NA	NA	-6.11243950678155	-5.94251450533924	-5.65300788814425	-5.58887755072454	-6.79051141189419	-5.72012208400279	-6.11243950678155	-5.72012208400279	-6.41199978864046	-5.94251450533924	-5.94251450533924	-5.58887755072454	-6.41199978864046	-5.79051141189419	-6.65300788814425	-6.41199978864046	-6.02497666553121	-5.79051141189419	-5.94251450533924	-5.65300788814425	-6.02497666553121	-6.41199978864046	-5.79051141189419	-6.20554891117303	-5.65300788814425	-5.30508458472395	-6.41199978864046	-5.86451199333797	-5.86451199333797	-7.30508458472395	-5.58887755072454	-7.11243950678155	-5.58887755072454	-6.65300788814425	-4.46858331700683	-5.79051141189419	-6.79051141189419	-6.5274770060604	-5.94251450533924	-6.5274770060604	-6.20554891117303	-6.79051141189419	-6.30508458472395	-6.5274770060604	-6.65300788814425	-5.86451199333797	-6.5274770060604	-5.79051141189419	-6.20554891117303	-5.79051141189419	-5.94251450533924	-5.58887755072454	NA	-3.57328069567352	-5.72012208400279	-5.58887755072454	-5.65300788814425	-6.02497666553121	-6.41199978864046	-6.11243950678155	NA	NA	NA	NA	NA	NA	NA	NA	NA	NA	NA	NA	NA	NA	NA	NA	NA	NA	NA	NA	NA	NA	NA	NA	NA	NA	NA	NA	NA	NA	NA	NA	NA	NA	NA	NA	NA	NA	NA	NA	NA	NA	NA	NA	NA	NA	NA	NA	NA	NA	NA	NA	NA	NA	NA	NA	NA	NA	NA	NA	NA	NA	NA	NA	NA	NA	NA	NA	NA	NA	NA	NA	NA	NA	NA	NA	NA	NA	NA	NA	NA	NA	NA	NA	NA	NA	NA	NA	NA	NA	NA	NA	NA	NA	NA	NA	NA	NA	NA	NA
VIVO7_FEC_VLP_JUN21_F28	NA	NA	NA	NA	NA	NA	NA	NA	NA	NA	NA	-6.28034899113596	-5.88179961464569	-5.56985560833095	-5.56985560833095	-6.83289001416474	-5.56985560833095	-5.98489310760979	-5.56985560833095	-6.65231776852292	-5.69538649041481	-5.83289001416474	-5.65231776852292	-6.21621865371625	-5.88179961464569	-6.3474631869945	-6.28034899113596	-5.65231776852292	-5.88179961464569	-5.98489310760979	-5.69538649041481	-5.98489310760979	-6.21621865371625	-5.69538649041481	-6.56985560833095	-5.56985560833095	-5.65231776852292	-6.28034899113596	-5.69538649041481	-5.56985560833095	-7.28034899113596	-5.69538649041481	-6.83289001416474	-5.56985560833095	-6.83289001416474	-4.93242568771566	-5.73978060977326	-6.4178525148859	-6.49185309632967	-5.78558429938639	-6.49185309632967	-6.03934089163217	-6.4178525148859	-6.49185309632967	-6.3474631869945	-6.49185309632967	-5.69538649041481	-6.56985560833095	-5.78558429938639	-6.28034899113596	-5.53032724414431	-5.98489310760979	-5.61049759282829	NA	-4.02553509210714	-5.65231776852292	-5.83289001416474	-5.65231776852292	-5.78558429938639	-6.1548181090521	-6.03934089163217	NA	NA	NA	NA	NA	NA	NA	NA	NA	NA	NA	NA	NA	NA	NA	NA	NA	NA	NA	NA	NA	NA	NA	NA	NA	NA	NA	NA	NA	NA	NA	NA	NA	NA	NA	NA	NA	NA	NA	NA	NA	NA	NA	NA	NA	NA	NA	NA	NA	NA	NA	NA	NA	NA	NA	NA	NA	NA	NA	NA	NA	NA	NA	NA	NA	NA	NA	NA	NA	NA	NA	NA	NA	NA	NA	NA	NA	NA	NA	NA	NA	NA	NA	NA	NA	NA	NA	NA	NA	NA	NA	NA	NA	NA	NA	NA	NA	NA	NA	NA
VIVO7_FEC_VLP_JUN21_F29	NA	NA	NA	NA	NA	NA	NA	NA	NA	NA	NA	-6.16438681790088	-5.85244281158614	-5.46777896135082	-5.49880585697144	-6.70043971814109	-5.59610305832636	-5.93490497177812	-5.56293619439116	-6.56293619439116	-5.66481580841037	-5.93490497177812	-5.6300503902497	-6.26748031086499	-5.8129144473995	-6.32192809488736	-6.32192809488736	-5.8129144473995	-5.85244281158614	-6.02236781302845	-5.66481580841037	-5.89308479608349	-6.06817150264158	-5.73696559416621	-6.4374053123073	-5.59610305832636	-5.49880585697144	-6.32192809488736	-5.77444029958487	-5.66481580841037	-7.11547721741994	-5.73696559416621	-7.02236781302845	-5.59610305832636	-6.49880585697144	-5.49880585697144	-5.6300503902497	-6.56293619439116	-6.37851162325373	-6.02236781302845	-6.56293619439116	-6.02236781302845	-6.32192809488736	-6.49880585697144	-6.37851162325373	-6.49880585697144	-5.73696559416621	-6.37851162325373	-5.66481580841037	-6.32192809488736	-5.56293619439116	-5.93490497177812	-5.56293619439116	-6.56293619439116	-4.51457317282976	-5.6300503902497	-5.8129144473995	-5.6300503902497	-5.8129144473995	-6.11547721741994	-6.11547721741994	NA	NA	NA	NA	NA	NA	NA	NA	NA	NA	NA	NA	NA	NA	NA	NA	NA	NA	-10.0223678130285	NA	NA	NA	NA	NA	NA	NA	NA	NA	NA	NA	NA	NA	NA	NA	NA	NA	NA	NA	NA	NA	NA	-6.93490497177812	NA	NA	NA	NA	NA	NA	NA	NA	NA	NA	NA	NA	NA	NA	NA	NA	NA	NA	NA	NA	NA	NA	NA	NA	NA	NA	NA	NA	NA	NA	NA	NA	NA	NA	NA	NA	NA	NA	NA	NA	NA	NA	NA	NA	NA	NA	NA	NA	NA	NA	NA	NA	NA	NA	NA	NA	NA	NA
VIVO7_FEC_VLP_JUN21_M25	NA	NA	NA	NA	NA	-8.98868468677217	NA	NA	NA	NA	NA	-6.08179409116365	-6.03448837638529	-5.6667565918848	-5.52925306813487	-6.46512273071515	-5.63113268215408	-5.98868468677217	-5.74075717332858	-6.34482849699744	-5.70328246790992	-6.03448837638529	-5.43409583509453	-6.28824496863107	-5.8594016698272	-6.34482849699744	-6.34482849699744	-5.90122184552183	-5.81875968532985	-5.90122184552183	-5.6667565918848	-5.90122184552183	-6.34482849699744	-5.6667565918848	-6.2337971846087	-5.56241993207007	-5.18132976471456	-6.52925306813487	-5.81875968532985	-5.90122184552183	-7.18132976471456	-5.77923132114322	-6.98868468677217	-5.37397484265696	-6.40372218605101	-5.40372218605101	-5.59636726399341	-6.74075717332858	-6.46512273071515	-5.8594016698272	-6.52925306813487	-6.2337971846087	-6.52925306813487	-6.34482849699744	-6.52925306813487	-6.59636726399341	-5.70328246790992	-6.28824496863107	-5.77923132114322	-6.40372218605101	-5.74075717332858	-5.70328246790992	-5.63113268215408	-6.40372218605101	-4.51295125580577	-5.6667565918848	-5.52925306813487	-5.59636726399341	-5.90122184552183	-6.28824496863107	-5.90122184552183	NA	NA	NA	NA	NA	NA	NA	NA	NA	NA	NA	-9.98868468677217	NA	NA	NA	NA	NA	NA	NA	NA	NA	NA	NA	NA	NA	-8.98868468677217	NA	-9.98868468677217	NA	NA	NA	NA	NA	NA	NA	NA	NA	NA	NA	NA	NA	NA	NA	NA	NA	NA	NA	NA	NA	NA	NA	NA	NA	NA	NA	NA	NA	NA	NA	NA	NA	NA	NA	NA	NA	NA	NA	NA	NA	NA	NA	NA	-8.98868468677217	NA	NA	NA	NA	NA	NA	NA	NA	NA	NA	NA	NA	NA	NA	NA	NA	NA	NA	NA	NA	NA	NA	NA	NA	NA	NA	NA
VIVO7_FEC_VLP_JUN21_M26	NA	NA	NA	NA	NA	NA	NA	NA	NA	NA	NA	-6.1168637576909	-5.8538293518571	-5.43879185257826	-5.53190125696974	-6.43879185257826	-5.53190125696974	-5.97936023394096	-5.63143693052066	-6.26886685113595	-5.63143693052066	-6.26886685113595	-5.53190125696974	-6.1168637576909	-5.63143693052066	-6.26886685113595	-6.43879185257826	-5.97936023394096	-5.97936023394096	-5.73835213443717	-5.53190125696974	-5.8538293518571	-6.26886685113595	-5.53190125696974	-6.26886685113595	-5.53190125696974	-5.19086433913468	-6.63143693052066	-5.8538293518571	-5.8538293518571	-6.8538293518571	-6.1168637576909	-7.43879185257826	-5.35132901132792	-6.26886685113595	-5.73835213443717	-5.43879185257826	-6.8538293518571	-6.43879185257826	-5.97936023394096	-6.26886685113595	-5.97936023394096	-6.63143693052066	-5.97936023394096	-6.63143693052066	-6.63143693052066	-5.26886685113595	-6.43879185257826	-5.53190125696974	-6.1168637576909	-5.8538293518571	-5.63143693052066	-5.73835213443717	NA	-4.79493566280354	-5.63143693052066	-5.35132901132792	-5.53190125696974	-5.97936023394096	-6.26886685113595	-5.8538293518571	NA	NA	NA	NA	NA	NA	NA	NA	NA	NA	NA	NA	NA	NA	NA	NA	NA	NA	NA	NA	NA	NA	NA	NA	NA	NA	NA	NA	NA	NA	NA	NA	NA	NA	NA	NA	NA	NA	NA	NA	NA	NA	NA	NA	NA	NA	NA	NA	NA	NA	NA	NA	NA	NA	NA	NA	NA	NA	NA	NA	NA	NA	NA	NA	NA	NA	NA	NA	NA	NA	NA	NA	NA	NA	NA	NA	NA	NA	NA	NA	NA	NA	NA	NA	NA	NA	NA	NA	NA	NA	NA	NA	NA	NA	NA	NA	NA	NA	NA	NA
VIVO7_FEC_VLP_JUN28_F27	NA	NA	NA	NA	NA	NA	NA	-9.07948478382682	NA	NA	NA	-6.14088532849096	-5.8064662894204	-5.62005316518952	-5.49452228310566	-6.66444728454797	-5.57698444329763	-5.96400756640688	-5.535164267603	-6.66444728454797	-5.66444728454797	-5.96400756640688	-5.66444728454797	-6.20501566591067	-5.8064662894204	-6.34251918966061	-6.34251918966061	-5.8064662894204	-5.85709236249037	-6.14088532849096	-5.57698444329763	-6.07948478382681	-6.27212986176921	-5.66444728454797	-6.57698444329763	-5.41651977110439	-5.41651977110439	-6.34251918966061	-5.75755668893945	-5.66444728454797	-7.07948478382681	-5.75755668893945	-6.66444728454797	-5.57698444329763	-6.49452228310566	-5.7102509741611	-5.62005316518952	-6.66444728454797	-6.49452228310566	-5.85709236249037	-6.41651977110439	-6.20501566591067	-6.49452228310566	-6.66444728454797	-6.27212986176921	-6.49452228310566	-5.75755668893945	-6.41651977110439	-5.62005316518952	-6.27212986176921	-5.66444728454797	-5.96400756640688	-5.41651977110439	-6.57698444329763	-4.75755668893945	-5.62005316518952	-5.75755668893945	-5.66444728454797	-5.8064662894204	-6.20501566591067	-5.96400756640688	NA	NA	NA	NA	NA	NA	NA	NA	NA	NA	NA	-10.664447284548	NA	NA	NA	NA	-9.66444728454797	NA	-8.66444728454797	NA	NA	NA	NA	NA	NA	NA	NA	NA	-9.66444728454797	-9.07948478382682	NA	NA	NA	NA	NA	NA	NA	-9.07948478382682	NA	NA	NA	NA	-9.07948478382682	NA	NA	-8.66444728454797	NA	NA	NA	NA	NA	NA	NA	-9.07948478382682	NA	NA	NA	NA	NA	NA	-9.66444728454797	NA	NA	NA	NA	NA	NA	NA	NA	NA	NA	NA	NA	NA	NA	NA	NA	NA	NA	NA	NA	NA	NA	NA	NA	NA	NA	NA	NA	NA	NA	NA	NA	NA	NA	NA	NA	NA	NA	NA
VIVO7_FEC_VLP_JUN28_F28	NA	NA	NA	NA	-10.8336807486547	-10.2487182479336	-10.8336807486547	-10.2487182479336	NA	NA	NA	-6.31011879259773	-5.87948443826787	-5.56689420795984	-5.68393362915006	-6.70439773170978	-5.64385618977472	-5.97569975352717	-5.68393362915006	-6.83368074865474	-5.81131293562629	-6.05232103513008	-5.72515629187657	-6.34182765232507	-5.83368074865474	-6.51175265376738	-6.66375574721243	-5.76759155819697	-5.97569975352717	-6.07879324649127	-5.66375574721243	-6.07879324649127	-6.18982455888002	-5.72515629187657	-6.54827852979249	-5.70439773170978	-5.68393362915006	-6.31011879259773	-5.83368074865474	-5.56689420795984	-6.97569975352717	-5.83368074865474	-6.92679015304622	-5.62422738302579	-6.7462179074044	-5.10576029409154	-5.81131293562629	-6.70439773170978	-6.58575323521116	-5.85640082515483	-6.66375574721243	-6.16125540668325	-6.58575323521116	-6.62422738302579	-6.34182765232507	-6.58575323521116	-5.78928662929629	-6.51175265376738	-5.87948443826787	-6.37424913001744	-5.70439773170978	-6.05232103513008	-5.60486205815886	-6.70439773170978	-4.27143832443367	-5.70439773170978	-5.87948443826787	-5.72515629187657	-5.87948443826787	-6.34182765232507	-6.05232103513008	-10.8336807486547	NA	-10.8336807486547	NA	-10.8336807486547	-10.8336807486547	NA	NA	-9.02632582659714	NA	-10.2487182479336	NA	NA	NA	-10.2487182479336	NA	-9.83368074865474	NA	-8.66375574721243	NA	-10.2487182479336	-9.51175265376738	-10.2487182479336	-10.2487182479336	-10.2487182479336	NA	-8.83368074865474	-9.83368074865474	-10.2487182479336	-9.51175265376738	-9.83368074865474	-9.83368074865474	NA	-10.8336807486547	-10.8336807486547	-10.8336807486547	NA	-9.83368074865474	-10.8336807486547	-10.2487182479336	NA	-7.07879324649127	-10.2487182479336	NA	NA	-9.83368074865474	NA	NA	-10.8336807486547	-10.8336807486547	-10.2487182479336	-10.2487182479336	NA	-9.83368074865474	-9.83368074865474	NA	NA	NA	-10.8336807486547	-10.8336807486547	NA	NA	NA	NA	NA	-10.2487182479336	NA	NA	NA	NA	NA	NA	NA	NA	NA	NA	NA	NA	NA	NA	NA	NA	NA	NA	NA	NA	NA	NA	NA	NA	NA	NA	NA	NA	NA	NA	NA	-10.8336807486547	-10.8336807486547	-10.2487182479336
VIVO7_FEC_VLP_JUN28_F29	NA	NA	NA	NA	NA	-9.73583804816048	NA	-9.73583804816048	NA	NA	NA	-6.27640642952318	-5.86136893024434	-5.67694435910691	-5.64837520691014	-6.67694435910691	-5.59288009431844	-5.99887245399427	-5.67694435910691	-6.56591304671817	-5.766211697204	-5.92848312610288	-5.70609070476643	-6.27640642952318	-5.96324854426355	-6.46281955375407	-6.51344562682403	-5.82894745255196	-5.86136893024434	-6.11134718325269	-5.67694435910691	-5.99887245399427	-6.27640642952318	-5.73583804816048	-6.51344562682403	-5.62036083074054	-5.51344562682403	-6.27640642952318	-5.96324854426355	-5.64837520691014	-6.99887245399427	-5.86136893024434	-6.79723859282462	-5.56591304671817	-6.56591304671817	-5.01701980070453	-5.64837520691014	-6.67694435910691	-6.56591304671817	-5.96324854426355	-6.51344562682403	-6.07287303543805	-6.56591304671817	-6.46281955375407	-6.46281955375407	-6.56591304671817	-5.79723859282462	-6.36660423849476	-5.79723859282462	-6.46281955375407	-5.79723859282462	-6.03539833001939	-5.73583804816048	-6.56591304671817	-4.08239580955656	-5.64837520691014	-5.86136893024434	-5.67694435910691	-5.86136893024434	-6.2333377076313	-5.99887245399427	NA	NA	NA	NA	NA	NA	NA	NA	NA	NA	NA	NA	NA	NA	-10.3208005488816	NA	NA	NA	-8.99887245399428	NA	NA	NA	NA	NA	NA	NA	-9.73583804816048	NA	-9.73583804816048	-8.99887245399428	-9.73583804816048	NA	NA	NA	NA	NA	NA	-9.73583804816048	NA	NA	NA	-6.92848312610288	-9.73583804816048	NA	NA	-9.73583804816048	NA	NA	NA	NA	NA	NA	NA	-9.32080054888164	-10.3208005488816	NA	NA	NA	NA	NA	NA	NA	NA	NA	NA	NA	NA	NA	NA	NA	NA	NA	NA	NA	NA	NA	NA	NA	NA	NA	NA	NA	NA	NA	NA	NA	NA	NA	NA	NA	NA	NA	NA	NA	NA	NA	NA	NA	NA	NA
VIVO7_FEC_VLP_JUN28_M25	NA	NA	NA	NA	NA	-9.82654848729091	NA	-9.82654848729091	NA	NA	NA	-6.21183864317571	-5.76045929683314	-5.45150905594399	-5.57862097384733	-6.54114626842867	-5.61709512166196	-5.9196578916824	-5.55976194659601	-6.6566234858486	-5.76045929683314	-5.89581114972803	-5.6566234858486	-6.3029865312339	-5.89581114972803	-6.27195963561328	-6.46899648267283	-5.6367239284109	-5.78215436793246	-6.01919356523331	-5.6566234858486	-5.9196578916824	-6.15412314531942	-5.59772979679503	-6.50462039240355	-5.46899648267283	-5.57862097384733	-6.21183864317571	-5.80418067426246	-5.46899648267283	-7.12610876914982	-5.6566234858486	-6.73908564604058	-5.48669848440629	-6.78215436793246	-6.43423106451215	-5.76045929683314	-6.50462039240355	-6.50462039240355	-5.94390543792907	-6.46899648267283	-6.07166098512745	-6.33469539096124	-6.46899648267283	-6.33469539096124	-6.46899648267283	-5.76045929683314	-6.21183864317571	-5.6367239284109	-6.36711686865362	-5.78215436793246	-5.99365847312617	-5.41715755115321	-6.54114626842867	-5.69726547034595	-5.57862097384733	-5.80418067426246	-5.59772979679503	-5.82654848729092	-6.27195963561328	-6.04518877376626	NA	NA	NA	NA	NA	NA	NA	NA	-9.82654848729091	NA	-10.2415859865698	NA	NA	NA	-10.2415859865698	NA	NA	NA	-9.01919356523331	NA	NA	-9.82654848729091	-10.2415859865698	-10.2415859865698	-10.2415859865698	NA	-9.50462039240355	-10.2415859865698	NA	-9.50462039240355	-9.50462039240355	NA	-10.2415859865698	NA	-10.8265484872909	-10.8265484872909	NA	-10.2415859865698	-10.8265484872909	-10.2415859865698	-9.82654848729091	-7.3029865312339	-9.82654848729091	NA	NA	-10.2415859865698	NA	NA	-10.8265484872909	-10.8265484872909	-10.8265484872909	-10.8265484872909	NA	-9.82654848729091	-10.2415859865698	NA	NA	NA	-10.8265484872909	-10.2415859865698	-10.8265484872909	NA	NA	NA	NA	NA	NA	NA	NA	NA	NA	NA	NA	NA	NA	NA	NA	NA	NA	NA	NA	NA	NA	NA	NA	NA	NA	NA	NA	NA	NA	NA	NA	NA	NA	NA	NA	-10.8265484872909	NA	-10.8265484872909
VIVO7_FEC_VLP_JUN28_M26	NA	NA	NA	NA	NA	NA	NA	NA	NA	NA	NA	-6.29462074889163	-5.79212040836244	-5.55765515472542	-5.55765515472542	-6.70965824817047	-5.55765515472542	-5.97269265400426	-5.48726582683402	-6.70965824817047	-5.70965824817047	-5.79212040836244	-5.55765515472542	-6.17914353147169	-5.79212040836244	-6.42015163097549	-6.42015163097549	-5.79212040836244	-5.87958324961278	-5.87958324961278	-5.55765515472542	-5.79212040836244	-6.07222832755518	-5.55765515472542	-6.42015163097549	-5.48726582683402	-5.6316557361692	-6.55765515472542	-5.79212040836244	-5.6316557361692	-7.29462074889163	-5.70965824817047	-6.87958324961278	-5.42015163097549	-6.29462074889163	-5.23572705983806	-5.70965824817047	-6.55765515472542	-6.55765515472542	-5.79212040836244	-6.55765515472542	-5.97269265400426	-6.42015163097549	-6.55765515472542	-6.42015163097549	-6.55765515472542	-5.55765515472542	-6.55765515472542	-5.79212040836244	-6.42015163097549	-5.6316557361692	-5.97269265400426	-5.35602129355577	NA	-4.38773015328311	-5.55765515472542	-5.87958324961278	-5.55765515472542	-5.87958324961278	-6.17914353147169	-5.97269265400426	NA	NA	NA	NA	NA	NA	NA	NA	NA	NA	NA	NA	NA	NA	NA	NA	NA	NA	NA	NA	NA	NA	NA	NA	NA	NA	NA	NA	NA	NA	NA	NA	NA	NA	NA	NA	NA	-8.87958324961278	NA	NA	NA	NA	NA	NA	NA	NA	NA	NA	NA	NA	NA	NA	NA	NA	NA	NA	NA	NA	NA	NA	NA	NA	NA	NA	NA	NA	NA	NA	NA	NA	NA	NA	NA	NA	NA	NA	NA	NA	NA	NA	NA	NA	NA	NA	NA	NA	NA	NA	NA	NA	NA	NA	NA	NA	NA	NA	NA	NA	NA	NA
VIVO7_FEC_VLP_MAY13_F8	NA	NA	-11.0620461377205	-11.0620461377205	-5.10784982733362	-4.1431829004459	-7.47708363699933	-7.66972871494173	NA	NA	NA	-8.60261451908319	-8.3616064195794	-8.06204613772049	-7.89212113627818	-8.60261451908319	-7.8141186242769	-8.3616064195794	-7.89212113627818	-8.89212113627818	-8.15515554211197	-8.15515554211197	-7.8141186242769	-8.74011804283313	-8.06204613772049	-8.60261451908319	-8.06204613772049	-8.25469121566289	-8.15515554211197	-8.3616064195794	-8.15515554211197	-8.60261451908319	-8.3616064195794	-8.06204613772049	-8.3616064195794	-7.89212113627818	-7.41818994794577	-9.06204613772049	-7.97458329647015	-7.89212113627818	-9.74011804283313	-8.15515554211197	-9.74011804283313	-7.8141186242769	-8.47708363699933	-2.6935396762128	-7.8141186242769	-9.06204613772049	-8.60261451908319	-8.15515554211197	-8.47708363699933	-8.3616064195794	-9.25469121566289	-8.60261451908319	-8.60261451908319	-8.74011804283313	-7.89212113627818	-8.47708363699933	-8.06204613772049	-8.60261451908319	-7.89212113627818	-8.06204613772049	-7.8141186242769	-8.47708363699933	-1.74350332801777	-7.97458329647015	-7.97458329647015	-7.97458329647015	-8.06204613772049	-8.3616064195794	-8.3616064195794	NA	-10.0620461377205	NA	NA	NA	-4.34780062005437	NA	-10.4770836369993	NA	-4.85259277209154	NA	-5.17940308835865	-10.4770836369993	-6.63578138301839	-6.10784982733362	-7.3616064195794	-5.85259277209154	-9.47708363699933	-8.89212113627818	-11.0620461377205	NA	NA	NA	NA	NA	NA	NA	NA	-11.0620461377205	NA	NA	NA	-10.4770836369993	NA	-10.4770836369993	NA	-10.0620461377205	NA	NA	NA	NA	-6.8141186242769	-10.4770836369993	NA	-9.47708363699933	NA	-9.74011804283313	-8.74011804283313	NA	NA	NA	NA	-6.06204613772049	NA	-12.0620461377205	-9.25469121566289	-8.15515554211197	-6.63578138301839	NA	-5.65265520158279	NA	NA	-7.06204613772049	-10.4770836369993	-8.47708363699933	-11.0620461377205	NA	NA	NA	-11.0620461377205	NA	NA	NA	NA	NA	NA	NA	NA	NA	NA	NA	NA	-11.0620461377205	NA	-12.0620461377205	NA	NA	NA	NA	NA	NA	NA	NA	-11.0620461377205	NA	NA	-8.74011804283313	NA	NA	NA
VIVO7_FEC_VLP_MAY27_F8	NA	NA	-10.9650627567446	-10.9650627567446	-5.5221192608959	-4.5304345291079	-6.13217274257989	-7.3212065669699	NA	NA	NA	-7.96506275674463	-7.79513775530232	-7.21017525458116	-7.3212065669699	-7.96506275674463	-7.87759991549429	-8.15770783468702	-7.21017525458116	-7.87759991549429	-7.50563113810733	-8.05817216113611	-7.01086644635775	-8.64313466185727	-7.64313466185726	-7.96506275674463	-6.92066863738617	-7.71713524330104	-7.64313466185726	-7.64313466185726	-7.57274533396587	-8.50563113810733	-8.05817216113611	-7.57274533396587	-7.96506275674463	-6.79513775530232	-6.75560939111568	-8.38010025602347	-7.38010025602347	-6.83577973979966	-8.96506275674463	-7.38010025602347	-8.96506275674463	-7.21017525458116	-8.05817216113611	-3.15449112200348	-7.10708176161706	-8.38010025602347	-8.26462303860353	-7.79513775530232	-7.96506275674463	-8.64313466185727	-8.38010025602347	-7.57274533396587	-8.96506275674463	-8.26462303860353	-7.15770783468702	-7.96506275674463	-7.87759991549429	-7.87759991549429	-7.96506275674463	-7.38010025602347	-6.60751075212654	-7.87759991549429	-2.24396356803744	-7.3212065669699	-7.3212065669699	-7.21017525458116	-7.64313466185726	-8.38010025602347	-7.79513775530232	NA	-9.64313466185727	NA	NA	NA	-5.5900233253977	-8.50563113810733	-8.26462303860353	NA	-4.30685127399283	NA	-5.77523819786461	-8.50563113810733	-8.15770783468702	-7.26462303860354	-6.75560939111568	-6.10708176161706	-8.50563113810733	-6.26462303860354	NA	NA	NA	NA	NA	NA	-6.47320966041495	NA	NA	-9.96506275674463	-9.96506275674463	NA	NA	NA	-10.3801002560235	-8.64313466185727	NA	-8.79513775530232	-10.3801002560235	NA	NA	NA	-6.44150080068761	-9.96506275674463	-9.64313466185727	-9.38010025602347	-10.3801002560235	-9.96506275674463	-9.15770783468702	NA	NA	NA	NA	-7.50563113810733	-10.9650627567446	-10.9650627567446	-9.64313466185727	-8.38010025602347	-4.40282033252355	-10.9650627567446	-6.18370304321997	NA	-8.26462303860353	-9.15770783468702	-6.96506275674463	-6.15770783468702	-10.9650627567446	-10.3801002560235	-9.96506275674463	NA	-10.9650627567446	NA	NA	NA	NA	NA	NA	NA	NA	-7.96506275674463	-10.9650627567446	NA	NA	-10.9650627567446	NA	-10.9650627567446	-10.9650627567446	NA	-9.64313466185727	NA	-10.3801002560235	NA	NA	-10.3801002560235	-9.15770783468702	NA	NA	-9.15770783468702	NA	-11.9650627567446	NA
